Player,BirthYear,transfermarkt_player_id,rumor_count,rumor_prob_max,rumor_prob_mean,rumor_first,rumor_last,leagues_mentioned
Aaron Connolly,2000.0,,,,,,,
Aaron Hickey,2002.0,,,,,,,
Aaron Leya Iseka,1997.0,,,,,,,
Aaron Mooy,1990.0,,,,,,,
Aaron Ramsdale,1998.0,,,,,,,
Aaron Ramsey,1990.0,,,,,,,
Aaron Wan-Bissaka,1997.0,,,,,,,
Aarón Martín,1997.0,,,,,,,
Abdallah Sima,2001.0,,,,,,,
Abde Ezzalzouli,2001.0,,,,,,,
Abdelhamid Sabiri,1996.0,,,,,,,
Abdou Diallo,1996.0,,,,,,,
Abdou Harroui,1998.0,,,,,,,
Abdoulaye Doucouré,1993.0,,,,,,,
Abdoulaye Touré,1994.0,,,,,,,
Abdukodir Khusanov,2004.0,,,,,,,
Abner,2000.0,,,,,,,
Achraf Hakimi,1998.0,,,,,,,
Adam Lallana,1988.0,,,,,,,
Adam Masina,1994.0,,,,,,,
Adam Ounas,1996.0,,,,,,,
Adama Diakhaby,1996.0,,,,,,,
Adama Soumaoro,1992.0,,,,,,,
Adama Traoré,1996.0,,,,,,,
Adama Traoré,1995.0,,,,,,,
Ademola Lookman,1997.0,,,,,,,
Adil Aouchiche,2002.0,,,,,,,
Adil Rami,1985.0,,,,,,,
Adnan Januzaj,1995.0,,,,,,,
Adrien Rabiot,1995.0,,,,,,,
Adrien Silva,1989.0,,,,,,,
Adrien Thomasson,1993.0,,,,,,,
Adrià Pedrosa,1998.0,,,,,,,
Afriyie Acquah,1992.0,,,,,,,
Agustín Álvarez,2001.0,,,,,,,
Ahmed Kutucu,2000.0,,,,,,,
Ainsley Maitland-Niles,1997.0,,,,,,,
Aitor Fernández,1991.0,,,,,,,
Akim Zedadka,1995.0,,,,,,,
Alan Virginius,2003.0,,,,,,,
Alassane Pléa,1993.0,,,,,,,
Alban Lafont,1999.0,,,,,,,
Albert Sambi Lokonga,1999.0,,,,,,,
Alberto Dossena,1998.0,,,,,,,
Alberto Grassi,1995.0,,,,,,,
Alberto Moreno,1992.0,,,,,,,
Alberto Paleari,1992.0,,,,,,,
Albin Ekdal,1989.0,,,,,,,
Aleix García,1997.0,,,,,,,
Aleix Vidal,1989.0,,,,,,,
Aleksandar Kolarov,1985.0,,,,,,,
Alessandro Bastoni,1999.0,,,,,,,
Alessandro Buongiorno,1999.0,,,,,,,
Alessandro Florenzi,1991.0,,,,,,,
Alessandro Murgia,1996.0,,,,,,,
Alessandro Schöpf,1994.0,,,,,,,
Alessandro Tripaldelli,1999.0,,,,,,,
Alessandro Zanoli,2000.0,,,,,,,
Alessio Cragno,1994.0,,,,,,,
Alessio Romagnoli,1995.0,,,,,,,
Alessio Zerbin,1999.0,,,,,,,
Alessio da Cruz,1997.0,,,,,,,
Alex Ferrari,1994.0,,,,,,,
Alex Iwobi,1996.0,,,,,,,
Alex Král,1998.0,,,,,,,
Alex Meret,1997.0,,,,,,,
Alex Oxlade-Chamberlain,1993.0,,,,,,,
Alex Telles,1992.0,,,,,,,
Alexander Djiku,1994.0,,,,,,,
Alexander Hack,1993.0,,,,,,,
Alexander Nübel,1996.0,,,,,,,
Alexander Schwolow,1992.0,,,,,,,
Alexander Sørloth,1995.0,,,,,,,
Alexandre Lacazette,1991.0,,,,,,,
Alexandre Mendy,1994.0,,,,,,,
Alexandru Maxim,1990.0,,,,,,,
Alexis Blin,1996.0,,,,,,,
Alexis Claude-Maurice,1998.0,,,,,,,
Alexis Flips,2000.0,,,,,,,
Alexis Mac Allister,1998.0,,,,,,,
Alexis Saelemaekers,1999.0,,,,,,,
Alexis Sánchez,1988.0,,,,,,,
Alexis Tibidi,2003.0,,,,,,,
Alexis Trouillet,2000.0,,,,,,,
Alfie Gilchrist,2003.0,,,,,,,
Alfie Mawson,1994.0,,,,,,,
Alfonso Espino,1992.0,,,,,,,
Alfred Duncan,1993.0,,,,,,,
Alfred Gomis,1993.0,,,,,,,
Alfred N'Diaye,1990.0,,,,,,,
Alireza Jahanbakhsh,1993.0,,,,,,,
Alisson,1992.0,,,,,,,
Allan,1997.0,,,,,,,
Allan,1991.0,,,,,,,
Allan Nyom,1988.0,,,,,,,
Allan Saint-Maximin,1997.0,,,,,,,
Alphonse Areola,1993.0,,,,,,,
Amadou Diawara,1997.0,,,,,,,
Amadou Onana,2001.0,,,,,,,
Amato Ciciretti,1993.0,,,,,,,
Ameen Al-Dakhil,2002.0,,,,,,,
Amin Sarr,2001.0,,,,,,,
Amin Younes,1993.0,,,,,,,
Amine Gouiri,2000.0,,,,,,,
Amine Harit,1997.0,,,,,,,
Amine Salama,2000.0,,,,,,,
Amir Richardson,2002.0,,,,,,,
Amos Pieper,1998.0,,,,,,,
Anass Zaroury,2000.0,,,,,,,
Anastasios Donis,1996.0,,,,,,,
Ander Capa,1992.0,,,,,,,
Ander Guevara,1997.0,,,,,,,
Ander Herrera,1989.0,,,,,,,
Ander Iturraspe,1989.0,,,,,,,
Andi Zeqiri,1999.0,,,,,,,
Andoni Gorosabel,1996.0,,,,,,,
Andrea Belotti,1993.0,,,,,,,
Andrea Cambiaso,2000.0,,,,,,,
Andrea Carboni,2001.0,,,,,,,
Andrea Colpani,1999.0,,,,,,,
Andrea Conti,1994.0,,,,,,,
Andrea Favilli,1997.0,,,,,,,
Andrea Petagna,1995.0,,,,,,,
Andrea Pinamonti,1999.0,,,,,,,
Andreas Christensen,1996.0,,,,,,,
Andreas Cornelius,1993.0,,,,,,,
Andreas Pereira,1996.0,,,,,,,
Andreas Voglsammer,1992.0,,,,,,,
Andrei Girotto,1992.0,,,,,,,
Andriy Yarmolenko,1989.0,,,,,,,
Andros Townsend,1991.0,,,,,,,
André Gomes,1993.0,,,,,,,
André Hahn,1990.0,,,,,,,
André Onana,1996.0,,,,,,,
André Schürrle,1990.0,,,,,,,
André Silva,1995.0,,,,,,,
Andrés Iniesta,1984.0,,,,,,,
Andy Carroll,1989.0,,,,,,,
Andy Delort,1991.0,,,,,,,
Andy King,1988.0,,,,,,,
Andy Pelmard,2000.0,,,,,,,
Angeliño,1997.0,,,,,,,
Angelo Fulgini,1996.0,,,,,,,
Angus Gunn,1996.0,,,,,,,
Ansgar Knauff,2002.0,,,,,,,
Ansu Fati,2002.0,,,,,,,
Ante Budimir,1991.0,,,,,,,
Ante Rebić,1993.0,,,,,,,
Anthony Caci,1997.0,,,,,,,
Anthony Elanga,2002.0,,,,,,,
Anthony Gordon,2001.0,,,,,,,
Anthony Knockaert,1991.0,,,,,,,
Anthony Limbombe,1994.0,,,,,,,
Anthony Martial,1995.0,,,,,,,
Anthony Modeste,1988.0,,,,,,,
Anthony Rouault,2001.0,,,,,,,
Anthony Ujah,1990.0,,,,,,,
Antoine Griezmann,1991.0,,,,,,,
Antoine Joujou,2003.0,,,,,,,
Antonin Bobichon,1995.0,,,,,,,
Antonino La Gumina,1996.0,,,,,,,
Antonino Ragusa,1990.0,,,,,,,
Antonio Adán,1987.0,,,,,,,
Antonio Barragán,1987.0,,,,,,,
Antonio Barreca,1995.0,,,,,,,
Antonio Blanco,2000.0,,,,,,,
Antonio Candreva,1987.0,,,,,,,
Antonio Mirante,1983.0,,,,,,,
Antonio Rüdiger,1993.0,,,,,,,
Antonio Sanabria,1996.0,,,,,,,
Antonio Valencia,1985.0,,,,,,,
Antony,2000.0,,,,,,,
Antonín Barák,1994.0,,,,,,,
Anwar El Ghazi,1995.0,,,,,,,
Arkadiusz Milik,1994.0,,,,,,,
Arkadiusz Reca,1995.0,,,,,,,
Armando Broja,2001.0,,,,,,,
Armando Izzo,1992.0,,,,,,,
Arnaud Kalimuendo,2002.0,,,,,,,
Arnaud Nordin,1998.0,,,,,,,
Arnaud Souquet,1992.0,,,,,,,
Arnaut Danjuma,1997.0,,,,,,,
Arne Engels,2003.0,,,,,,,
Arne Maier,1999.0,,,,,,,
Artem Dovbyk,1997.0,,,,,,,
Arthur Cabral,1998.0,,,,,,,
Arthur Masuaku,1993.0,,,,,,,
Arthur Melo,1996.0,,,,,,,
Arthur Theate,2000.0,,,,,,,
Arthur Vermeeren,2005.0,,,,,,,
Artur Ioniță,1990.0,,,,,,,
Arturo Calabresi,1996.0,,,,,,,
Arturo Vidal,1987.0,,,,,,,
Ashley Williams,1984.0,,,,,,,
Asier Villalibre,1997.0,,,,,,,
Assan Ceesay,1994.0,,,,,,,
Assane Dioussé,1997.0,,,,,,,
Augusto Batalla,1996.0,,,,,,,
Aurélien Tchouaméni,2000.0,,,,,,,
Aurélio Buta,1997.0,,,,,,,
Axel Disasi,1998.0,,,,,,,
Axel Tuanzebe,1997.0,,,,,,,
Axel Witsel,1989.0,,,,,,,
Aymen Barkok,1998.0,,,,,,,
Ayoze Pérez,1993.0,,,,,,,
Azor Matusiwa,1998.0,,,,,,,
Azzedine Ounahi,2000.0,,,,,,,
Aïssa Laïdouni,1996.0,,,,,,,
Aïssa Mandi,1991.0,,,,,,,
Bakary Sako,1988.0,,,,,,,
Bamba Dieng,2000.0,,,,,,,
Bamo Meïté,2001.0,,,,,,,
Baptiste Guillaume,1995.0,,,,,,,
Baptiste Reynet,1990.0,,,,,,,
Baptiste Santamaria,1995.0,,,,,,,
Bartosz Kapustka,1996.0,,,,,,,
Ben Chilwell,1996.0,,,,,,,
Ben Doak,2005.0,,,,,,,
Ben Foster,1983.0,,,,,,,
Ben Godfrey,1998.0,,,,,,,
Ben Johnson,2000.0,,,,,,,
Ben Mee,1989.0,,,,,,,
Ben Pearson,1995.0,,,,,,,
Ben White,1997.0,,,,,,,
Beni Baningime,1998.0,,,,,,,
Benik Afobe,1993.0,,,,,,,
Benito Raman,1994.0,,,,,,,
Benjamin André,1990.0,,,,,,,
Benjamin Bourigeaud,1994.0,,,,,,,
Benjamin Henrichs,1997.0,,,,,,,
Benjamin Jeannot,1992.0,,,,,,,
Benjamin Lecomte,1991.0,,,,,,,
Benjamin Pavard,1996.0,,,,,,,
Berkay Özcan,1998.0,,,,,,,
Bernard,1992.0,,,,,,,
Bernard Tekpetey,1997.0,,,,,,,
Bernardo,1995.0,,,,,,,
Bernardo Espinosa,1989.0,,,,,,,
Bernd Leno,1992.0,,,,,,,
Bertrand Traoré,1995.0,,,,,,,
Bertuğ Yıldırım,2002.0,,,,,,,
Beto,1998.0,,,,,,,
Billy Gilmour,2001.0,,,,,,,
Billy Ketkeophomphone,1990.0,,,,,,,
Birger Meling,1994.0,,,,,,,
Birger Verstraete,1994.0,,,,,,,
Björn Engels,1994.0,,,,,,,
Blaise Matuidi,1987.0,,,,,,,
Bobby Clark,2005.0,,,,,,,
Bobby De Cordova-Reid,1993.0,,,,,,,
Bobby Wood,1992.0,,,,,,,
Borja Bastón,1992.0,,,,,,,
Borja Iglesias,1993.0,,,,,,,
Borja Mayoral,1997.0,,,,,,,
Borja Sainz,2001.0,,,,,,,
Borja Valero,1985.0,,,,,,,
Borna Sosa,1998.0,,,,,,,
Bosko Sutalo,2000.0,,,,,,,
Boubacar Kamara,1999.0,,,,,,,
Boubacar Traoré,2001.0,,,,,,,
Boubakary Soumaré,1999.0,,,,,,,
Boulaye Dia,1996.0,,,,,,,
Bradley Barcola,2002.0,,,,,,,
Bradley Locko,2002.0,,,,,,,
Brahim Díaz,1999.0,,,,,,,
Brais Méndez,1997.0,,,,,,,
Brajan Gruda,2004.0,,,,,,,
Branco van den Boomen,1995.0,,,,,,,
Brandon Soppy,2002.0,,,,,,,
Brandon Williams,2000.0,,,,,,,
Breel Embolo,1997.0,,,,,,,
Brenden Aaronson,2000.0,,,,,,,
Brian Brobbey,2002.0,,,,,,,
Brian Oliván,1994.0,,,,,,,
Brice Samba,1994.0,,,,,,,
Bruma,1994.0,,,,,,,
Bruno Amione,2002.0,,,,,,,
Bruno Ecuele Manga,1988.0,,,,,,,
Bruno Gaspar,1993.0,,,,,,,
Bruno González,1990.0,,,,,,,
Bruno Jordão,1998.0,,,,,,,
Bruno Peres,1990.0,,,,,,,
Bryan Cristante,1995.0,,,,,,,
Bryan Dabo,1992.0,,,,,,,
Bryan Gil,2001.0,,,,,,,
Bryan Reynolds,2001.0,,,,,,,
Bryan Zaragoza,2001.0,,,,,,,
Caiuby,1988.0,,,,,,,
Caleb Okoli,2001.0,,,,,,,
Callum Hudson-Odoi,2000.0,,,,,,,
Callum Robinson,1995.0,,,,,,,
Callum Wilson,1992.0,,,,,,,
Calum Chambers,1995.0,,,,,,,
Calvin Stengs,1998.0,,,,,,,
Cameron Archer,2001.0,,,,,,,
Carles Aleñá,1998.0,,,,,,,
Carles Pérez,1998.0,,,,,,,
Carlos Alcaraz,2002.0,,,,,,,
Carlos Augusto,1999.0,,,,,,,
Carlos Bacca,1986.0,,,,,,,
Carlos Clerc,1992.0,,,,,,,
Carlos Fernández,1996.0,,,,,,,
Carlos Soler,1997.0,,,,,,,
Carlos Vinícius,1995.0,,,,,,,
Carney Chukwuemeka,2003.0,,,,,,,
Casemiro,1992.0,,,,,,,
Casimir Ninga,1993.0,,,,,,,
Castello Lukeba,2002.0,,,,,,,
Cedric Teuchert,1997.0,,,,,,,
Cengiz Ünder,1997.0,,,,,,,
Cenk Tosun,1991.0,,,,,,,
Cenk Özkacar,2000.0,,,,,,,
Cesare Casadei,2003.0,,,,,,,
Cesc Fàbregas,1987.0,,,,,,,
Chadrac Akolo,1995.0,,,,,,,
Chancel Mbemba,1994.0,,,,,,,
Charalampos Lykogiannis,1993.0,,,,,,,
Charles De Ketelaere,2001.0,,,,,,,
Charlie Austin,1989.0,,,,,,,
Charlie Taylor,1993.0,,,,,,,
Charly Musonda Jr.,1996.0,,,,,,,
Cheick Doucouré,2000.0,,,,,,,
Cheick Timite,1997.0,,,,,,,
Cheikh M'Bengue,1988.0,,,,,,,
Cheikhou Kouyaté,1989.0,,,,,,,
Cher Ndour,2004.0,,,,,,,
Chiedozie Ogbene,1997.0,,,,,,,
Chris Richards,2000.0,,,,,,,
Chris Smalling,1989.0,,,,,,,
Chris Wood,1991.0,,,,,,,
Chrislain Matsima,2002.0,,,,,,,
Christian Benteke,1990.0,,,,,,,
Christian Eriksen,1992.0,,,,,,,
Christian Kouamé,1997.0,,,,,,,
Christian Mawissa,2005.0,,,,,,,
Christian Nørgaard,1994.0,,,,,,,
Christian Oliva,1996.0,,,,,,,
Christian Pulisic,1998.0,,,,,,,
Christoph Baumgartner,1999.0,,,,,,,
Christophe Hérelle,1992.0,,,,,,,
Christopher Jullien,1993.0,,,,,,,
Christopher Lenz,1994.0,,,,,,,
Christopher Nkunku,1997.0,,,,,,,
Christopher Wooh,2001.0,,,,,,,
Ciprian Tătărușanu,1986.0,,,,,,,
Ciro Immobile,1990.0,,,,,,,
Claudio Beauvue,1988.0,,,,,,,
Claudio Bravo,1983.0,,,,,,,
Claudio Marchisio,1986.0,,,,,,,
Clinton N'Jie,1993.0,,,,,,,
Clément Grenier,1991.0,,,,,,,
Clément Lenglet,1995.0,,,,,,,
Clément Michelin,1997.0,,,,,,,
Cody Drameh,2001.0,,,,,,,
Colin Dagba,1998.0,,,,,,,
Conor Coady,1993.0,,,,,,,
Conor Gallagher,2000.0,,,,,,,
Conor Hourihane,1991.0,,,,,,,
Corentin Jean,1995.0,,,,,,,
Corentin Tolisso,1994.0,,,,,,,
Craig Dawson,1990.0,,,,,,,
Cristian Benavente,1994.0,,,,,,,
Cristian Romero,1998.0,,,,,,,
Cristian Tello,1991.0,,,,,,,
Cristian Volpato,2003.0,,,,,,,
Cristiano Biraghi,1992.0,,,,,,,
Cristiano Ronaldo,1985.0,,,,,,,
Cuco Martina,1989.0,,,,,,,
Cyle Larin,1995.0,,,,,,,
Cyril Ngonge,2000.0,,,,,,,
Cédric Bakambu,1991.0,,,,,,,
Cédric Brunner,1994.0,,,,,,,
Cédric Soares,1991.0,,,,,,,
César Azpilicueta,1989.0,,,,,,,
César Montes,1997.0,,,,,,,
Daichi Kamada,1996.0,,,,,,,
Dale Stephens,1989.0,,,,,,,
Daley Blind,1990.0,,,,,,,
Daley Sinkgraven,1995.0,,,,,,,
Damien Da Silva,1988.0,,,,,,,
Damien Le Tallec,1990.0,,,,,,,
Dan Ndoye,2000.0,,,,,,,
Dango Ouattara,2002.0,,,,,,,
Dani Alves,1983.0,,,,,,,
Dani García,1990.0,,,,,,,
Dani Gómez,1998.0,,,,,,,
Dani Olmo,1998.0,,,,,,,
Daniel Bessa,1993.0,,,,,,,
Daniel Caligiuri,1988.0,,,,,,,
Daniel Carriço,1988.0,,,,,,,
Daniel Didavi,1990.0,,,,,,,
Daniel Ginczek,1991.0,,,,,,,
Daniel James,1997.0,,,,,,,
Daniel Maldini,2001.0,,,,,,,
Daniel Podence,1995.0,,,,,,,
Daniel Sturridge,1989.0,,,,,,,
Daniel Wass,1989.0,,,,,,,
Daniele Rugani,1994.0,,,,,,,
Daniele Verde,1996.0,,,,,,,
Danilo,1991.0,,,,,,,
Danilo Avelar,1989.0,,,,,,,
Danilo Cataldi,1994.0,,,,,,,
Danilo Pereira,1991.0,,,,,,,
Danny Drinkwater,1990.0,,,,,,,
Danny Ings,1992.0,,,,,,,
Danny Latza,1989.0,,,,,,,
Danny Welbeck,1990.0,,,,,,,
Danny da Costa,1993.0,,,,,,,
Dara O'Shea,1999.0,,,,,,,
Darko Lazović,1990.0,,,,,,,
Darwin Machís,1993.0,,,,,,,
David Alaba,1992.0,,,,,,,
David Datro Fofana,2002.0,,,,,,,
David García,1994.0,,,,,,,
David Luiz,1987.0,,,,,,,
David Nemeth,2001.0,,,,,,,
David Okereke,1997.0,,,,,,,
David Ospina,1988.0,,,,,,,
David Raum,1998.0,,,,,,,
David Raya,1995.0,,,,,,,
David Silva,1986.0,,,,,,,
David Soria,1993.0,,,,,,,
Davide Frattesi,1999.0,,,,,,,
Davide Santon,1991.0,,,,,,,
Davide Zappacosta,1992.0,,,,,,,
Davy Klaassen,1993.0,,,,,,,
Davy Pröpper,1991.0,,,,,,,
Dawid Kownacki,1997.0,,,,,,,
Dayot Upamecano,1998.0,,,,,,,
Dean Henderson,1997.0,,,,,,,
Dean Huijsen,2005.0,,,,,,,
Declan Rice,1999.0,,,,,,,
Dedryck Boyata,1990.0,,,,,,,
Dejan Joveljić,1999.0,,,,,,,
Dejan Kulusevski,2000.0,,,,,,,
Dejan Lovren,1989.0,,,,,,,
Dele Alli,1996.0,,,,,,,
Demarai Gray,1996.0,,,,,,,
Denis Bouanga,1994.0,,,,,,,
Denis Cheryshev,1990.0,,,,,,,
Denis Suárez,1994.0,,,,,,,
Denis Vavro,1996.0,,,,,,,
Denis Zakaria,1996.0,,,,,,,
Deniz Undav,1996.0,,,,,,,
Dennis Praet,1994.0,,,,,,,
Dereck Kutesa,1997.0,,,,,,,
Deyverson,1991.0,,,,,,,
Diafra Sakho,1989.0,,,,,,,
Diego Carlos,1993.0,,,,,,,
Diego Falcinelli,1991.0,,,,,,,
Diego Farias,1990.0,,,,,,,
Diego Godín,1986.0,,,,,,,
Diego Lainez,2000.0,,,,,,,
Diego Laxalt,1993.0,,,,,,,
Diego Llorente,1993.0,,,,,,,
Diego Moreira,2004.0,,,,,,,
Diego Perotti,1988.0,,,,,,,
Diego Rico,1993.0,,,,,,,
Diego Rolán,1993.0,,,,,,,
Dimitri Foulquier,1993.0,,,,,,,
Diogo Jota,1996.0,,,,,,,
Dion Lopy,2002.0,,,,,,,
Divock Origi,1995.0,,,,,,,
Djed Spence,2000.0,,,,,,,
Djibril Sidibé,1992.0,,,,,,,
Djibril Sow,1997.0,,,,,,,
Domagoj Bradarić,1999.0,,,,,,,
Domingos Duarte,1995.0,,,,,,,
Domingos Quina,1999.0,,,,,,,
Dominic Solanke,1997.0,,,,,,,
Dominik Kaiser,1988.0,,,,,,,
Dominik Kohr,1994.0,,,,,,,
Dominik Szoboszlai,2000.0,,,,,,,
Dominique Heintz,1993.0,,,,,,,
Donny van de Beek,1997.0,,,,,,,
Donyell Malen,1999.0,,,,,,,
Douglas Costa,1990.0,,,,,,,
Douglas Luiz,1998.0,,,,,,,
Doğan Alemdar,2002.0,,,,,,,
Dries Mertens,1987.0,,,,,,,
Duván Zapata,1991.0,,,,,,,
Dušan Tadić,1988.0,,,,,,,
Dwight McNeil,1999.0,,,,,,,
Dylan Bronn,1995.0,,,,,,,
Désiré Doué,2005.0,,,,,,,
Ebrima Colley,2000.0,,,,,,,
Eddie Nketiah,1999.0,,,,,,,
Eddie Salcedo,2001.0,,,,,,,
Eddy Gnahoré,1993.0,,,,,,,
Eden Hazard,1991.0,,,,,,,
Edgar Ié,1994.0,,,,,,,
Edimilson Fernandes,1996.0,,,,,,,
Edin Džeko,1986.0,,,,,,,
Edinson Cavani,1987.0,,,,,,,
Edoardo Bove,2002.0,,,,,,,
Edoardo Goldaniga,1993.0,,,,,,,
Edouard Mendy,1992.0,,,,,,,
Edouard Michut,2003.0,,,,,,,
Eduard Löwen,1997.0,,,,,,,
El Bilal Touré,2001.0,,,,,,,
El Chadaille Bitshiabu,2005.0,,,,,,,
Eldor Shomurodov,1995.0,,,,,,,
Elia Caprile,2001.0,,,,,,,
Elliot Anderson,2002.0,,,,,,,
Ellyes Skhiri,1995.0,,,,,,,
Elseid Hysaj,1994.0,,,,,,,
Elye Wahi,2003.0,,,,,,,
Emanuel Vignato,2000.0,,,,,,,
Emanuele Valeri,1998.0,,,,,,,
Emerson,1999.0,,,,,,,
Emil Audero,1997.0,,,,,,,
Emil Bohinen,1999.0,,,,,,,
Emil Holm,2000.0,,,,,,,
Emil Krafth,1994.0,,,,,,,
Emile Smith Rowe,2000.0,,,,,,,
Emiliano Martínez,1992.0,,,,,,,
Emiliano Rigoni,1993.0,,,,,,,
Emiliano Viviano,1985.0,,,,,,,
Emirhan İlkhan,2004.0,,,,,,,
Emmanuel Dennis,1997.0,,,,,,,
Emmanuel Gyasi,1994.0,,,,,,,
Emre Can,1994.0,,,,,,,
Enes Ünal,1997.0,,,,,,,
Enock Kwateng,1997.0,,,,,,,
Enric Gallego,1986.0,,,,,,,
Enrico Brignola,1999.0,,,,,,,
Enzo Barrenechea,2001.0,,,,,,,
Enzo Crivelli,1995.0,,,,,,,
Enzo Ebosse,1999.0,,,,,,,
Enzo Le Fée,2000.0,,,,,,,
Enzo Loiodice,2000.0,,,,,,,
Enzo Millot,2002.0,,,,,,,
Eray Cömert,1998.0,,,,,,,
Eren Dinkçi,2001.0,,,,,,,
Eric Bailly,1994.0,,,,,,,
Eric Dier,1994.0,,,,,,,
Eric García,2001.0,,,,,,,
Erick Pulgar,1994.0,,,,,,,
Erik Botheim,2000.0,,,,,,,
Erik Durm,1992.0,,,,,,,
Erik Pieters,1988.0,,,,,,,
Erik Thommy,1994.0,,,,,,,
Erling Haaland,2000.0,,,,,,,
Ernest Nuamah,2003.0,,,,,,,
Ernesto Torregrossa,1992.0,,,,,,,
Ethan Ampadu,2000.0,,,,,,,
Etrit Berisha,1989.0,,,,,,,
Ezequiel Ponce,1997.0,,,,,,,
Ezequiel Schelotto,1989.0,,,,,,,
Ezgjan Alioski,1992.0,,,,,,,
Fabian Delph,1989.0,,,,,,,
Fabian Lustenberger,1988.0,,,,,,,
Fabian Rieder,2002.0,,,,,,,
Fabian Schär,1991.0,,,,,,,
Fabiano Parisi,2000.0,,,,,,,
Fabien Centonze,1996.0,,,,,,,
Fabinho,1993.0,,,,,,,
Fabio Borini,1991.0,,,,,,,
Fabio Ceravolo,1987.0,,,,,,,
Fabio Depaoli,1997.0,,,,,,,
Fabio Miretti,2003.0,,,,,,,
Fabián Balbuena,1991.0,,,,,,,
Fabián Orellana,1986.0,,,,,,,
Facundo Buonanotte,2004.0,,,,,,,
Facundo Ferreyra,1991.0,,,,,,,
Facundo Pellistri,2001.0,,,,,,,
Facundo Roncaglia,1987.0,,,,,,,
Faitout Maouassa,1998.0,,,,,,,
Faride Alidou,2001.0,,,,,,,
Fayçal Fajr,1988.0,,,,,,,
Fede San Emeterio,1997.0,,,,,,,
Federico Barba,1993.0,,,,,,,
Federico Bernardeschi,1994.0,,,,,,,
Federico Bonazzoli,1997.0,,,,,,,
Federico Ceccherini,1992.0,,,,,,,
Federico Chiesa,1997.0,,,,,,,
Federico Di Francesco,1994.0,,,,,,,
Federico Dimarco,1997.0,,,,,,,
Federico Fernández,1989.0,,,,,,,
Federico Mattiello,1995.0,,,,,,,
Federico Viviani,1992.0,,,,,,,
Felipe,1989.0,,,,,,,
Felipe,1987.0,,,,,,,
Felipe Anderson,1993.0,,,,,,,
Felipe Avenatti,1993.0,,,,,,,
Felipe Caicedo,1988.0,,,,,,,
Felix Afena-Gyan,2003.0,,,,,,,
Felix Klaus,1992.0,,,,,,,
Felix Nmecha,2000.0,,,,,,,
Ferland Mendy,1995.0,,,,,,,
Fernando,1987.0,,,,,,,
Fernando,1990.0,,,,,,,
Fernando Calero,1995.0,,,,,,,
Fernando Llorente,1985.0,,,,,,,
Fernando Pacheco,1992.0,,,,,,,
Fernando Torres,1984.0,,,,,,,
Festy Ebosele,2002.0,,,,,,,
Fikayo Tomori,1997.0,,,,,,,
Filip Helander,1993.0,,,,,,,
Filip Jørgensen,2002.0,,,,,,,
Filip Kostić,1992.0,,,,,,,
Filipe Luís,1985.0,,,,,,,
Filippo Bandinelli,1995.0,,,,,,,
Filippo Melegoni,1999.0,,,,,,,
Filippo Missori,2004.0,,,,,,,
Filippo Ranocchia,2001.0,,,,,,,
Filippo Romagna,1997.0,,,,,,,
Filippo Terracciano,2003.0,,,,,,,
Finn Dahmen,1998.0,,,,,,,
Flavien Tait,1993.0,,,,,,,
Flavius Daniliuc,2001.0,,,,,,,
Florent Mollet,1991.0,,,,,,,
Florian Grillitsch,1995.0,,,,,,,
Florian Kainz,1992.0,,,,,,,
Florian Lejeune,1991.0,,,,,,,
Florian Müller,1997.0,,,,,,,
Florian Niederlechner,1990.0,,,,,,,
Florian Thauvin,1993.0,,,,,,,
Florin Andone,1993.0,,,,,,,
Flynn Downes,1999.0,,,,,,,
Fodé Ballo-Touré,1997.0,,,,,,,
Folarin Balogun,2001.0,,,,,,,
Fousseni Diabaté,1995.0,,,,,,,
Francesco Acerbi,1988.0,,,,,,,
Francesco Caputo,1987.0,,,,,,,
Francesco Cassata,1997.0,,,,,,,
Francesco Zampano,1993.0,,,,,,,
Francis Coquelin,1991.0,,,,,,,
Francis Guerrero,1996.0,,,,,,,
Francisco Trincão,1999.0,,,,,,,
Franck Honorat,1996.0,,,,,,,
Franck Kessié,1996.0,,,,,,,
Franck Ribéry,1983.0,,,,,,,
Franco Di Santo,1989.0,,,,,,,
Franco Vázquez,1989.0,,,,,,,
François Kamano,1996.0,,,,,,,
François Moubandje,1990.0,,,,,,,
Fraser Forster,1988.0,,,,,,,
Fred,1993.0,,,,,,,
Freddie Woodman,1997.0,,,,,,,
Fábio Silva,2002.0,,,,,,,
Gabi,1983.0,,,,,,,
Gabriel Boschilia,1996.0,,,,,,,
Gabriel Fernández,1994.0,,,,,,,
Gabriel Jesus,1997.0,,,,,,,
Gabriel Magalhães,1997.0,,,,,,,
Gabriel Mercado,1987.0,,,,,,,
Gabriel Osho,1998.0,,,,,,,
Gabriel Strefezza,1997.0,,,,,,,
Gaetano Castrovilli,1997.0,,,,,,,
Gaetano Oristanio,2002.0,,,,,,,
Gaku Shibasaki,1992.0,,,,,,,
Ganso,1989.0,,,,,,,
Gareth Bale,1989.0,,,,,,,
Gary Cahill,1985.0,,,,,,,
Gastón Álvarez,2000.0,,,,,,,
Gaël Kakuta,1991.0,,,,,,,
Gaëtan Charbonnier,1988.0,,,,,,,
Gaëtan Laborde,1994.0,,,,,,,
Gelson Martins,1995.0,,,,,,,
Geoffrey Kondogbia,1993.0,,,,,,,
George Pușcaș,1996.0,,,,,,,
Georges Mikautadze,2000.0,,,,,,,
Georginio Rutter,2002.0,,,,,,,
Georginio Wijnaldum,1990.0,,,,,,,
Gerard Deulofeu,1994.0,,,,,,,
Gerard Gumbau,1994.0,,,,,,,
Gerard Moreno,1992.0,,,,,,,
Germán Pezzella,1991.0,,,,,,,
Gerrit Holtmann,1995.0,,,,,,,
Gerson,1997.0,,,,,,,
Gerzino Nyamsi,1997.0,,,,,,,
Gerónimo Rulli,1992.0,,,,,,,
Ghislain Konan,1995.0,,,,,,,
Giacomo Bonaventura,1989.0,,,,,,,
Giacomo Raspadori,2000.0,,,,,,,
Giangiacomo Magnani,1995.0,,,,,,,
Gianluca Caprari,1993.0,,,,,,,
Gianluca Frabotta,1999.0,,,,,,,
Gianluca Gaetano,2000.0,,,,,,,
Gianluca Lapadula,1990.0,,,,,,,
Gianluca Mancini,1996.0,,,,,,,
Gianluca Scamacca,1999.0,,,,,,,
Gianluigi Donnarumma,1999.0,,,,,,,
Giannelli Imbula,1992.0,,,,,,,
Gideon Mensah,1998.0,,,,,,,
Gino Infantino,2003.0,,,,,,,
Giovani Lo Celso,1996.0,,,,,,,
Giovanni Di Lorenzo,1993.0,,,,,,,
Giovanni González,1994.0,,,,,,,
Giovanni Simeone,1995.0,,,,,,,
Giovanni Sio,1989.0,,,,,,,
Giulian Biancone,2000.0,,,,,,,
Giulio Maggiore,1998.0,,,,,,,
Giuseppe Pezzella,1997.0,,,,,,,
Glenn Murray,1983.0,,,,,,,
Godfred Donsah,1996.0,,,,,,,
Gonzalo Castro,1987.0,,,,,,,
Gonzalo Escalante,1993.0,,,,,,,
Gonzalo Higuaín,1987.0,,,,,,,
Gonzalo Melero,1994.0,,,,,,,
Gonzalo Montiel,1997.0,,,,,,,
Gonzalo Villar,1998.0,,,,,,,
Gonçalo Guedes,1996.0,,,,,,,
Gonçalo Paciência,1994.0,,,,,,,
Grady Diangana,1998.0,,,,,,,
Granit Xhaka,1992.0,,,,,,,
Gregor Kobel,1997.0,,,,,,,
Grischa Prömel,1995.0,,,,,,,
Grzegorz Krychowiak,1990.0,,,,,,,
Grégoire Defrel,1991.0,,,,,,,
Grégory Sertic,1989.0,,,,,,,
Guglielmo Vicario,1996.0,,,,,,,
Guido Burgstaller,1989.0,,,,,,,
Guido Carrillo,1991.0,,,,,,,
Guido Pizarro,1990.0,,,,,,,
Guido Rodríguez,1994.0,,,,,,,
Guilherme Arana,1997.0,,,,,,,
Guillermo Maripán,1994.0,,,,,,,
Gustavo Puerta,2003.0,,,,,,,
Gustavo Scarpa,1994.0,,,,,,,
Habib Diallo,1995.0,,,,,,,
Hakan Çalhanoğlu,1994.0,,,,,,,
Hakim Ziyech,1993.0,,,,,,,
Hamari Traoré,1992.0,,,,,,,
Hamza Choudhury,1997.0,,,,,,,
Hamza Mendyl,1997.0,,,,,,,
Hannes Wolf,1999.0,,,,,,,
Hans Hateboer,1994.0,,,,,,,
Hans Nicolussi Caviglia,2000.0,,,,,,,
Haris Belkebla,1994.0,,,,,,,
Harrison Manzala,1994.0,,,,,,,
Harry Arter,1989.0,,,,,,,
Harry Kane,1993.0,,,,,,,
Harry Maguire,1993.0,,,,,,,
Harry Wilson,1997.0,,,,,,,
Harry Winks,1996.0,,,,,,,
Harvey Barnes,1997.0,,,,,,,
Hassane Kamara,1994.0,,,,,,,
Henrikh Mkhitaryan,1989.0,,,,,,,
Henry Onyekuru,1997.0,,,,,,,
Hernani,1994.0,,,,,,,
Hiroki Ito,1999.0,,,,,,,
Hiroki Sakai,1990.0,,,,,,,
Hirving Lozano,1995.0,,,,,,,
Houboulang Mendes,1998.0,,,,,,,
Houssem Aouar,1998.0,,,,,,,
Hugo Bueno,2002.0,,,,,,,
Hugo Mallo,1991.0,,,,,,,
Hugo Novoa,2003.0,,,,,,,
Héctor Bellerín,1995.0,,,,,,,
Héctor Herrera,1990.0,,,,,,,
Héctor Moreno,1988.0,,,,,,,
Hélder Costa,1994.0,,,,,,,
Iago,1997.0,,,,,,,
Iago Falque,1990.0,,,,,,,
Ian Maatsen,2002.0,,,,,,,
Ibrahim Amadou,1993.0,,,,,,,
Ibrahim Salah,2001.0,,,,,,,
Ibrahim Sulemana,2003.0,,,,,,,
Ibrahima Konaté,1999.0,,,,,,,
Ibrahima Niane,1999.0,,,,,,,
Ibrahima Sissoko,1997.0,,,,,,,
Iddrisu Baba,1996.0,,,,,,,
Ignacio Pussetto,1995.0,,,,,,,
Ignasi Miquel,1992.0,,,,,,,
Ignatius Ganago,1999.0,,,,,,,
Igor,1998.0,,,,,,,
Ihlas Bebou,1994.0,,,,,,,
Ihsan Sacko,1997.0,,,,,,,
Iker Muniain,1992.0,,,,,,,
Ilaix Moriba,2003.0,,,,,,,
Ilan Kebbal,1998.0,,,,,,,
Iliman Ndiaye,2000.0,,,,,,,
Ionuț Radu,1997.0,,,,,,,
Irvin Cardona,1997.0,,,,,,,
Isaac Hayden,1995.0,,,,,,,
Isaac Mbenza,1996.0,,,,,,,
Isco,1992.0,,,,,,,
Ishak Belfodil,1992.0,,,,,,,
Islam Slimani,1988.0,,,,,,,
Ismail Jakobs,1999.0,,,,,,,
Ismaël Bennacer,1997.0,,,,,,,
Ismaël Gharbi,2004.0,,,,,,,
Issa Diop,1997.0,,,,,,,
Issa Kaboré,2001.0,,,,,,,
Ivan Cavaleiro,1993.0,,,,,,,
Ivan Ilić,2001.0,,,,,,,
Ivan Perišić,1989.0,,,,,,,
Ivan Provedel,1994.0,,,,,,,
Ivan Santini,1989.0,,,,,,,
Ivan Toney,1996.0,,,,,,,
Iván Alejo,1995.0,,,,,,,
Iván Marcano,1987.0,,,,,,,
Iván Marcone,1990.0,,,,,,,
Iván Villar,1997.0,,,,,,,
Izzy Brown,1997.0,,,,,,,
Iñigo Córdoba,1997.0,,,,,,,
Iñigo Martínez,1991.0,,,,,,,
Iñigo Ruiz de Galarreta,1993.0,,,,,,,
Jack Grealish,1995.0,,,,,,,
Jack Harrison,1996.0,,,,,,,
Jack Wilshere,1992.0,,,,,,,
Jacob Bruun Larsen,1998.0,,,,,,,
Jacob Murphy,1995.0,,,,,,,
Jacob Rasmussen,1997.0,,,,,,,
Jacopo Petriccione,1995.0,,,,,,,
Jadon Sancho,2000.0,,,,,,,
Jaidon Anthony,1999.0,,,,,,,
Jaime Seoane,1997.0,,,,,,,
Jake O'Brien,2001.0,,,,,,,
Jakub Jankto,1996.0,,,,,,,
Jakub Kiwior,2000.0,,,,,,,
Jakub Moder,1999.0,,,,,,,
Jamal Lewis,1998.0,,,,,,,
James Maddison,1996.0,,,,,,,
James McCarthy,1990.0,,,,,,,
James Rodríguez,1991.0,,,,,,,
James Tarkowski,1992.0,,,,,,,
James Ward-Prowse,1994.0,,,,,,,
Jamie Leweling,2001.0,,,,,,,
Jamie Murphy,1989.0,,,,,,,
Jamie Shackleton,1999.0,,,,,,,
Jan Vertonghen,1987.0,,,,,,,
Jandrei,1993.0,,,,,,,
Janik Haberer,1994.0,,,,,,,
Janis Antiste,2002.0,,,,,,,
Jannik Vestergaard,1992.0,,,,,,,
Japhet Tanganga,1999.0,,,,,,,
Jarrad Branthwaite,2002.0,,,,,,,
Jason Denayer,1995.0,,,,,,,
Jason Puncheon,1986.0,,,,,,,
Jasper Cillessen,1989.0,,,,,,,
Jaume Costa,1988.0,,,,,,,
Javairô Dilrosun,1998.0,,,,,,,
Javi Galán,1994.0,,,,,,,
Javi García,1987.0,,,,,,,
Javi Hernández,1998.0,,,,,,,
Javi López,2002.0,,,,,,,
Javi Martínez,1988.0,,,,,,,
Javier Pastore,1989.0,,,,,,,
Jaïro Riedewald,1996.0,,,,,,,
Jean Lucas,1998.0,,,,,,,
Jean Onana,2000.0,,,,,,,
Jean-Charles Castelletto,1995.0,,,,,,,
Jean-Clair Todibo,1999.0,,,,,,,
Jean-Eudes Aholou,1994.0,,,,,,,
Jean-Kévin Augustin,1997.0,,,,,,,
Jean-Paul Boëtius,1994.0,,,,,,,
Jean-Philippe Gbamin,1995.0,,,,,,,
Jean-Philippe Mateta,1997.0,,,,,,,
Jean-Ricner Bellegarde,1998.0,,,,,,,
Jean-Victor Makengo,1998.0,,,,,,,
Jeanuël Belocian,2005.0,,,,,,,
Jeff Hendrick,1992.0,,,,,,,
Jeff Reine-Adélaïde,1998.0,,,,,,,
Jefferson Lerma,1994.0,,,,,,,
Jeffinho,1999.0,,,,,,,
Jeffrey Bruma,1991.0,,,,,,,
Jeffrey Schlupp,1992.0,,,,,,,
Jeison Murillo,1992.0,,,,,,,
Jemerson,1992.0,,,,,,,
Jens Cajuste,1999.0,,,,,,,
Jens Odgaard,1999.0,,,,,,,
Jens Petter Hauge,1999.0,,,,,,,
Jens Stryger Larsen,1991.0,,,,,,,
Jerdy Schouten,1997.0,,,,,,,
Jeremy Toljan,1994.0,,,,,,,
Jermain Defoe,1982.0,,,,,,,
Jesper Lindstrøm,2000.0,,,,,,,
Jesse Lingard,1992.0,,,,,,,
Jessic Ngankam,2000.0,,,,,,,
Jesé,1993.0,,,,,,,
Jesús Corona,1993.0,,,,,,,
Jesús Vallejo,1997.0,,,,,,,
Jetro Willems,1994.0,,,,,,,
Jhon Córdoba,1993.0,,,,,,,
Jimmy Briand,1985.0,,,,,,,
Jimmy Cabot,1994.0,,,,,,,
Jimmy Durmaz,1989.0,,,,,,,
Joachim Andersen,1996.0,,,,,,,
Joakim Mæhle,1997.0,,,,,,,
Joan Jordán,1994.0,,,,,,,
Joaquín Correa,1994.0,,,,,,,
Joe Bryan,1993.0,,,,,,,
Joe Gelhardt,2002.0,,,,,,,
Joe Hart,1987.0,,,,,,,
Joe Rodon,1997.0,,,,,,,
Joe Rothwell,1995.0,,,,,,,
Joe Willock,1999.0,,,,,,,
Joe Worrall,1997.0,,,,,,,
Joel Campbell,1992.0,,,,,,,
Joel Obi,1991.0,,,,,,,
Joel Pohjanpalo,1994.0,,,,,,,
Joelinton,1996.0,,,,,,,
Johan Mojica,1992.0,,,,,,,
Johann Lepenant,2002.0,,,,,,,
Johannes Eggestein,1998.0,,,,,,,
Johannes Geis,1993.0,,,,,,,
John Brooks,1993.0,,,,,,,
Jon Bautista,1995.0,,,,,,,
Jon Morcillo,1998.0,,,,,,,
Jonas Hofmann,1992.0,,,,,,,
Jonas Lössl,1989.0,,,,,,,
Jonas Martin,1990.0,,,,,,,
Jonathan Bamba,1996.0,,,,,,,
Jonathan Cafu,1991.0,,,,,,,
Jonathan Calleri,1993.0,,,,,,,
Jonathan Clauss,1992.0,,,,,,,
Jonathan Schmid,1990.0,,,,,,,
Jonathan Silva,1994.0,,,,,,,
Jonjo Shelvey,1992.0,,,,,,,
Jonjoe Kenny,1997.0,,,,,,,
Jonny Evans,1988.0,,,,,,,
Jony,1991.0,,,,,,,
Jordan Amavi,1994.0,,,,,,,
Jordan Ayew,1991.0,,,,,,,
Jordan Beyer,2000.0,,,,,,,
Jordan Ferri,1992.0,,,,,,,
Jordan Henderson,1990.0,,,,,,,
Jordan Lefort,1993.0,,,,,,,
Jordan Lotomba,1998.0,,,,,,,
Jordan Lukaku,1994.0,,,,,,,
Jordan Torunarigha,1997.0,,,,,,,
Jordan Veretout,1993.0,,,,,,,
Jordan Zemura,1999.0,,,,,,,
Jordi Alba,1989.0,,,,,,,
Jordi Amat,1992.0,,,,,,,
Jordi Mboula,1999.0,,,,,,,
Jorge,1996.0,,,,,,,
Jorge Cuenca,1999.0,,,,,,,
Jorge Miramón,1989.0,,,,,,,
Jorge Molina,1982.0,,,,,,,
Jorginho,1991.0,,,,,,,
Joris Gnagnon,1997.0,,,,,,,
Joselu,1990.0,,,,,,,
Josh Maja,1998.0,,,,,,,
Josh Sargent,2000.0,,,,,,,
Josh Sims,1997.0,,,,,,,
Josh Wilson-Esbrand,2002.0,,,,,,,
Joshua Brenet,1994.0,,,,,,,
Joshua King,1992.0,,,,,,,
Joshua Zirkzee,2001.0,,,,,,,
Josip Brekalo,1998.0,,,,,,,
Josuha Guilavogui,1990.0,,,,,,,
José Callejón,1987.0,,,,,,,
José Fonte,1983.0,,,,,,,
José Luis Morales,1987.0,,,,,,,
José Manuel Jurado,1986.0,,,,,,,
Jota,1991.0,,,,,,,
Jota,1999.0,,,,,,,
João Cancelo,1994.0,,,,,,,
João Félix,1999.0,,,,,,,
João Moutinho,1986.0,,,,,,,
João Mário,1993.0,,,,,,,
João Palhinha,1995.0,,,,,,,
Juan Bernat,1993.0,,,,,,,
Juan Cuadrado,1988.0,,,,,,,
Juan Foyth,1998.0,,,,,,,
Juan Jesus,1991.0,,,,,,,
Juan Mata,1988.0,,,,,,,
Juan Miranda,2000.0,,,,,,,
Juan Musso,1994.0,,,,,,,
Juan Soriano,1997.0,,,,,,,
Juanmi,1993.0,,,,,,,
Juanmi Latasa,2001.0,,,,,,,
Jude Bellingham,2003.0,,,,,,,
Julen Lobete,2000.0,,,,,,,
Jules Keita,1998.0,,,,,,,
Jules Koundé,1998.0,,,,,,,
Julian Brandt,1996.0,,,,,,,
Julian Draxler,1993.0,,,,,,,
Julian Weigl,1995.0,,,,,,,
Julio Enciso,2004.0,,,,,,,
Junior Dina Ebimbe,2000.0,,,,,,,
Junior Firpo,1996.0,,,,,,,
Junior Messias,1991.0,,,,,,,
Junior Sambia,1996.0,,,,,,,
Juraj Kucka,1987.0,,,,,,,
Jurgen Ekkelenkamp,2000.0,,,,,,,
Justin Kluivert,1999.0,,,,,,,
Jérémy Gélin,1997.0,,,,,,,
Jérémy Pied,1989.0,,,,,,,
Jérôme Gondorf,1988.0,,,,,,,
Jérôme Roussillon,1993.0,,,,,,,
Jørgen Strand Larsen,2000.0,,,,,,,
Jürgen Locadia,1993.0,,,,,,,
Kaan Ayhan,1994.0,,,,,,,
Kai Havertz,1999.0,,,,,,,
Kaio Jorge,2002.0,,,,,,,
Kalidou Koulibaly,1991.0,,,,,,,
Kalvin Phillips,1995.0,,,,,,,
Kamaldeen Sulemana,2002.0,,,,,,,
Kamil Glik,1988.0,,,,,,,
Kamory Doumbia,2003.0,,,,,,,
Karim Benzema,1987.0,,,,,,,
Karim Rekik,1994.0,,,,,,,
Karl Toko Ekambi,1992.0,,,,,,,
Karol Linetty,1995.0,,,,,,,
Kasper Dolberg,1997.0,,,,,,,
Kasper Schmeichel,1986.0,,,,,,,
Keinan Davis,1998.0,,,,,,,
Keita Baldé,1995.0,,,,,,,
Kelvin Amian,1998.0,,,,,,,
Kelvin Yeboah,2000.0,,,,,,,
Ken Sema,1993.0,,,,,,,
Kenan Karaman,1994.0,,,,,,,
Kenedy,1996.0,,,,,,,
Kenneth Omeruo,1993.0,,,,,,,
Kepa Arrizabalaga,1994.0,,,,,,,
Kerem Demirbay,1993.0,,,,,,,
Keven Schlotterbeck,1997.0,,,,,,,
Kevin Agudelo,1998.0,,,,,,,
Kevin Bonifazi,1996.0,,,,,,,
Kevin Danso,1998.0,,,,,,,
Kevin Lasagna,1992.0,,,,,,,
Kevin Mbabu,1995.0,,,,,,,
Kevin Mirallas,1987.0,,,,,,,
Kevin Möhwald,1993.0,,,,,,,
Kevin Schade,2001.0,,,,,,,
Kevin Sessa,2000.0,,,,,,,
Kevin Strootman,1990.0,,,,,,,
Kevin Stöger,1993.0,,,,,,,
Kevin Trapp,1990.0,,,,,,,
Kevin Volland,1992.0,,,,,,,
Kevin Wimmer,1992.0,,,,,,,
Kevin-Prince Boateng,1987.0,,,,,,,
Keylor Navas,1986.0,,,,,,,
Khouma Babacar,1993.0,,,,,,,
Khéphren Thuram,2001.0,,,,,,,
Ki-Jana Hoever,2002.0,,,,,,,
Kieffer Moore,1992.0,,,,,,,
Kieran Trippier,1990.0,,,,,,,
Kike Pérez,1997.0,,,,,,,
Kiko Casilla,1986.0,,,,,,,
Kiko Femenía,1991.0,,,,,,,
Kingsley Schindler,1993.0,,,,,,,
Kiril Despodov,1996.0,,,,,,,
Koen Casteels,1992.0,,,,,,,
Koffi Djidji,1992.0,,,,,,,
Koni De Winter,2002.0,,,,,,,
Konrad Laimer,1997.0,,,,,,,
Konstantinos Mavropanos,1997.0,,,,,,,
Koray Günter,1994.0,,,,,,,
Kortney Hause,1995.0,,,,,,,
Kouadio-Yves Dabila,1997.0,,,,,,,
Kristjan Asllani,2002.0,,,,,,,
Kurt Zouma,1994.0,,,,,,,
Kwadwo Asamoah,1988.0,,,,,,,
Kyle Walker-Peters,1997.0,,,,,,,
Kylian Mbappé,1998.0,,,,,,,
Kévin Gameiro,1987.0,,,,,,,
Kévin Malcuit,1991.0,,,,,,,
Kévin Rodrigues,1994.0,,,,,,,
Kévin Théophile-Catherine,1989.0,,,,,,,
Kévin Zohi,1996.0,,,,,,,
Lamine Camara,2004.0,,,,,,,
Lamine Koné,1989.0,,,,,,,
Landry Dimata,1997.0,,,,,,,
Lassana Coulibaly,1996.0,,,,,,,
Laurent Koscielny,1985.0,,,,,,,
Leander Dendoncker,1995.0,,,,,,,
Leandro Castán,1986.0,,,,,,,
Leandro Paredes,1994.0,,,,,,,
Lee Buchanan,2001.0,,,,,,,
Lee Grant,1983.0,,,,,,,
Leny Yoro,2005.0,,,,,,,
Leon Bailey,1997.0,,,,,,,
Leon Balogun,1988.0,,,,,,,
Leon Goretzka,1995.0,,,,,,,
Leonardo Balerdi,1999.0,,,,,,,
Leonardo Bittencourt,1993.0,,,,,,,
Leonardo Bonucci,1987.0,,,,,,,
Leonardo Spinazzola,1993.0,,,,,,,
Leonardo Ulloa,1986.0,,,,,,,
Leroy Sané,1996.0,,,,,,,
Lesley Ugochukwu,2004.0,,,,,,,
Lewis Baker,1995.0,,,,,,,
Lewis Dobbin,2003.0,,,,,,,
Lewis Hall,2004.0,,,,,,,
Lewis O'Brien,1998.0,,,,,,,
Lilian Brassier,1999.0,,,,,,,
Linus Gechter,2004.0,,,,,,,
Lionel Carole,1991.0,,,,,,,
Lionel Messi,1987.0,,,,,,,
Lisandro López,1989.0,,,,,,,
Lisandro Magallán,1993.0,,,,,,,
Lloyd Kelly,1998.0,,,,,,,
Loren Morón,1993.0,,,,,,,
Lorenzo Colombo,2002.0,,,,,,,
Lorenzo Crisetig,1993.0,,,,,,,
Lorenzo De Silvestri,1988.0,,,,,,,
Lorenzo Insigne,1991.0,,,,,,,
Lorenzo Montipò,1996.0,,,,,,,
Lorenzo Tonelli,1990.0,,,,,,,
Lorenzo Venuti,1995.0,,,,,,,
Loris Karius,1993.0,,,,,,,
Louis Schaub,1994.0,,,,,,,
Loum Tchaouna,2003.0,,,,,,,
Lovro Majer,1998.0,,,,,,,
Lovro Zvonarek,2005.0,,,,,,,
Loïc Rémy,1987.0,,,,,,,
Loïs Openda,2000.0,,,,,,,
Luca Antei,1992.0,,,,,,,
Luca Antonelli,1987.0,,,,,,,
Luca D'Andrea,2004.0,,,,,,,
Luca Kilian,1999.0,,,,,,,
Luca Koleosho,2004.0,,,,,,,
Luca Mazzitelli,1995.0,,,,,,,
Luca Netz,2003.0,,,,,,,
Luca Pellegrini,1999.0,,,,,,,
Luca Rizzo,1992.0,,,,,,,
Luca Waldschmidt,1996.0,,,,,,,
Luca Zidane,1998.0,,,,,,,
Lucas Alario,1992.0,,,,,,,
Lucas Biglia,1986.0,,,,,,,
Lucas Boyé,1996.0,,,,,,,
Lucas Castro,1989.0,,,,,,,
Lucas Da Cunha,2001.0,,,,,,,
Lucas Deaux,1988.0,,,,,,,
Lucas Digne,1993.0,,,,,,,
Lucas Evangelista,1995.0,,,,,,,
Lucas Gourna-Douath,2003.0,,,,,,,
Lucas Hernández,1996.0,,,,,,,
Lucas Lima,1991.0,,,,,,,
Lucas Moura,1992.0,,,,,,,
Lucas Ocampos,1994.0,,,,,,,
Lucas Olaza,1994.0,,,,,,,
Lucas Paquetá,1997.0,,,,,,,
Lucas Perrin,1998.0,,,,,,,
Lucas Pérez,1988.0,,,,,,,
Lucas Ribeiro,1999.0,,,,,,,
Lucas Torreira,1996.0,,,,,,,
Lucas Torró,1994.0,,,,,,,
Lucas Tousart,1997.0,,,,,,,
Luciano Vietto,1993.0,,,,,,,
Ludovic Ajorque,1994.0,,,,,,,
Ludovic Blas,1997.0,,,,,,,
Ludwig Augustinsson,1994.0,,,,,,,
Luis Alberto,1992.0,,,,,,,
Luis Henrique,2001.0,,,,,,,
Luis Milla,1994.0,,,,,,,
Luis Muriel,1991.0,,,,,,,
Luis Rioja,1993.0,,,,,,,
Luis Sinisterra,1999.0,,,,,,,
Luis Suárez,1987.0,,,,,,,
Luiz Araújo,1996.0,,,,,,,
Luiz Felipe,1997.0,,,,,,,
Luka Jović,1997.0,,,,,,,
Luka Romero,2004.0,,,,,,,
Lukas Klünter,1996.0,,,,,,,
Lukas Lerager,1993.0,,,,,,,
Luke Freeman,1992.0,,,,,,,
Luuk de Jong,1990.0,,,,,,,
Luís Maximiano,1999.0,,,,,,,
Lyanco,1997.0,,,,,,,
Lyle Foster,2000.0,,,,,,,
Lys Mousset,1996.0,,,,,,,
László Bénes,1997.0,,,,,,,
Léo Baptistão,1992.0,,,,,,,
Léo Bonatini,1994.0,,,,,,,
Léo Lacroix,1992.0,,,,,,,
Léo Sena,1995.0,,,,,,,
M'Bala Nzola,1996.0,,,,,,,
M'Baye Niang,1994.0,,,,,,,
Mads Bech Sørensen,1999.0,,,,,,,
Mads Roerslev,1999.0,,,,,,,
Mahdi Camara,1998.0,,,,,,,
Mahmoud Dahoud,1996.0,,,,,,,
Malang Sarr,1999.0,,,,,,,
Malcolm Ebiowei,2003.0,,,,,,,
Malcom,1997.0,,,,,,,
Mamadou Coulibaly,2004.0,,,,,,,
Mamadou Coulibaly,1999.0,,,,,,,
Mamadou Fofana,1998.0,,,,,,,
Manor Solomon,1999.0,,,,,,,
Manu García,1986.0,,,,,,,
Manu García,1998.0,,,,,,,
Manu Koné,2001.0,,,,,,,
Manu Morlanes,1999.0,,,,,,,
Manu Sánchez,2000.0,,,,,,,
Manu Vallejo,1997.0,,,,,,,
Manuel Akanji,1995.0,,,,,,,
Manuel Lanzini,1993.0,,,,,,,
Manuel Lazzari,1993.0,,,,,,,
Manuel Locatelli,1998.0,,,,,,,
Marash Kumbulla,2000.0,,,,,,,
Marc Cardona,1995.0,,,,,,,
Marc Cucurella,1998.0,,,,,,,
Marc Navarro,1995.0,,,,,,,
Marc Roca,1996.0,,,,,,,
Marcel Halstenberg,1991.0,,,,,,,
Marcel Hartel,1996.0,,,,,,,
Marcel Sabitzer,1994.0,,,,,,,
Marcel Tisserand,1993.0,,,,,,,
Marcello Trotta,1992.0,,,,,,,
Marcelo,1987.0,,,,,,,
Marcelo,1988.0,,,,,,,
Marcelo Brozović,1992.0,,,,,,,
Marco Asensio,1996.0,,,,,,,
Marco Benassi,1994.0,,,,,,,
Marco Brescianini,2000.0,,,,,,,
Marco D'Alessandro,1991.0,,,,,,,
Marco Fabián,1989.0,,,,,,,
Marco John,2002.0,,,,,,,
Marco Pellegrino,2002.0,,,,,,,
Marco Reus,1989.0,,,,,,,
Marco Richter,1997.0,,,,,,,
Marco Silvestri,1991.0,,,,,,,
Marco Sportiello,1992.0,,,,,,,
Marco Tumminello,1998.0,,,,,,,
Marco Verratti,1992.0,,,,,,,
Marcos Acuña,1991.0,,,,,,,
Marcos Alonso,1990.0,,,,,,,
Marcos André,1996.0,,,,,,,
Marcos Antônio,2000.0,,,,,,,
Marcos Llorente,1995.0,,,,,,,
Marcos Rojo,1990.0,,,,,,,
Marcus Coco,1996.0,,,,,,,
Marcus Forss,1999.0,,,,,,,
Marcus Ingvartsen,1996.0,,,,,,,
Marcus Pedersen,2000.0,,,,,,,
Marcus Thuram,1997.0,,,,,,,
Mario Balotelli,1990.0,,,,,,,
Mario Gaspar,1990.0,,,,,,,
Mario Gila,2000.0,,,,,,,
Mario Götze,1992.0,,,,,,,
Mario Hermoso,1995.0,,,,,,,
Mario Lemina,1993.0,,,,,,,
Mario Mandžukić,1986.0,,,,,,,
Marius Bülter,1993.0,,,,,,,
Marius Wolf,1995.0,,,,,,,
Mark Flekken,1993.0,,,,,,,
Mark Uth,1991.0,,,,,,,
Marko Grujić,1996.0,,,,,,,
Marko Pjaca,1995.0,,,,,,,
Marko Rog,1995.0,,,,,,,
Markus Schubert,1998.0,,,,,,,
Markus Suttner,1987.0,,,,,,,
Marley Aké,2001.0,,,,,,,
Marlon,1995.0,,,,,,,
Marouane Fellaini,1987.0,,,,,,,
Marquinhos,2003.0,,,,,,,
Marquinhos,1994.0,,,,,,,
Martin Braithwaite,1991.0,,,,,,,
Martin Harnik,1987.0,,,,,,,
Martin Hinteregger,1992.0,,,,,,,
Martin Hongla,1998.0,,,,,,,
Martin Terrier,1997.0,,,,,,,
Martin Ødegaard,1998.0,,,,,,,
Martín Cáceres,1987.0,,,,,,,
Martín Merquelanz,1995.0,,,,,,,
Martín Montoya,1991.0,,,,,,,
Marvelous Nakamba,1994.0,,,,,,,
Marvin Friedrich,1995.0,,,,,,,
Marvin Zeegelaar,1990.0,,,,,,,
Marwin Hitz,1987.0,,,,,,,
Masaya Okugawa,1996.0,,,,,,,
Mason Greenwood,2001.0,,,,,,,
Mason Holgate,1996.0,,,,,,,
Mason Mount,1999.0,,,,,,,
Mateo Klimowicz,2000.0,,,,,,,
Mateo Retegui,1999.0,,,,,,,
Mateusz Wieteska,1997.0,,,,,,,
Matheus Cunha,1999.0,,,,,,,
Mathew Ryan,1992.0,,,,,,,
Mathias Autret,1991.0,,,,,,,
Mathias Jensen,1996.0,,,,,,,
Mathias Pereira Lage,1996.0,,,,,,,
Mathieu Dossevi,1988.0,,,,,,,
Mathieu Michel,1991.0,,,,,,,
Mathías Olivera,1997.0,,,,,,,
Matija Nastasić,1993.0,,,,,,,
Mats Hummels,1988.0,,,,,,,
Matt Doherty,1992.0,,,,,,,
Matt Targett,1995.0,,,,,,,
Matt Turner,1994.0,,,,,,,
Matteo Cancellieri,2002.0,,,,,,,
Matteo Darmian,1989.0,,,,,,,
Matteo Lovato,2000.0,,,,,,,
Matteo Pessina,1997.0,,,,,,,
Matteo Politano,1993.0,,,,,,,
Matteo Ricci,1994.0,,,,,,,
Matteo Ruggeri,2002.0,,,,,,,
Matthew Hoppe,2001.0,,,,,,,
Matthias Ginter,1994.0,,,,,,,
Matthijs de Ligt,1999.0,,,,,,,
Matthis Abline,2003.0,,,,,,,
Mattia Bani,1993.0,,,,,,,
Mattia Caldara,1994.0,,,,,,,
Mattia Destro,1991.0,,,,,,,
Mattia Perin,1992.0,,,,,,,
Mattia Valoti,1993.0,,,,,,,
Mattia Viti,2002.0,,,,,,,
Mattia Zaccagni,1995.0,,,,,,,
Mattias Svanberg,1999.0,,,,,,,
Matty James,1991.0,,,,,,,
Mattéo Guendouzi,1999.0,,,,,,,
Matías Vecino,1991.0,,,,,,,
Matías Viña,1997.0,,,,,,,
Mauro Icardi,1993.0,,,,,,,
Max Gradel,1987.0,,,,,,,
Max Kruse,1988.0,,,,,,,
Max Meyer,1995.0,,,,,,,
Maxence Lacroix,2000.0,,,,,,,
Maxi Gómez,1996.0,,,,,,,
Maxim Leitsch,1998.0,,,,,,,
Maxime Busi,1999.0,,,,,,,
Maxime Dupé,1993.0,,,,,,,
Maxime Estève,2002.0,,,,,,,
Maxime Gonalons,1989.0,,,,,,,
Maxime Le Marchand,1989.0,,,,,,,
Maxime Lopez,1997.0,,,,,,,
Maximilian Beier,2002.0,,,,,,,
Maximilian Eggestein,1996.0,,,,,,,
Maximilian Mittelstädt,1997.0,,,,,,,
Maximilian Philipp,1994.0,,,,,,,
Maximilian Wöber,1998.0,,,,,,,
Maximiliano Caufriez,1997.0,,,,,,,
Maxwel Cornet,1996.0,,,,,,,
Maya Yoshida,1988.0,,,,,,,
Mehdi Abeid,1992.0,,,,,,,
Mehdi Bourabia,1991.0,,,,,,,
Mehdi Léris,1998.0,,,,,,,
Melvin Bard,2000.0,,,,,,,
Mergim Berisha,1998.0,,,,,,,
Merih Demiral,1998.0,,,,,,,
Mesut Özil,1988.0,,,,,,,
Mexer,1988.0,,,,,,,
Michael Folorunsho,1998.0,,,,,,,
Michael Gregoritsch,1994.0,,,,,,,
Michael Kayode,2004.0,,,,,,,
Michael Lang,1991.0,,,,,,,
Michael Obafemi,2000.0,,,,,,,
Michael Olise,2001.0,,,,,,,
Michel Aebischer,1997.0,,,,,,,
Michele Di Gregorio,1997.0,,,,,,,
Michy Batshuayi,1993.0,,,,,,,
Micky van de Ven,2001.0,,,,,,,
Miguel Almirón,1994.0,,,,,,,
Miguel Baeza,2000.0,,,,,,,
Miguel Gutiérrez,2001.0,,,,,,,
Miguel Layún,1988.0,,,,,,,
Mike Maignan,1995.0,,,,,,,
Mikel Merino,1996.0,,,,,,,
Mikel Vesga,1993.0,,,,,,,
Mikkel Damsgaard,2000.0,,,,,,,
Mikkel Desler,1995.0,,,,,,,
Mikkel Kaufmann,2001.0,,,,,,,
Milan Badelj,1989.0,,,,,,,
Milan Škriniar,1995.0,,,,,,,
Milot Rashica,1996.0,,,,,,,
Miralem Pjanić,1990.0,,,,,,,
Miranda,1984.0,,,,,,,
Mitchel Bakker,2000.0,,,,,,,
Mitchell Weiser,1994.0,,,,,,,
Modibo Sagnan,1999.0,,,,,,,
Mohamed Camara,2000.0,,,,,,,
Mohamed Diamé,1987.0,,,,,,,
Mohamed Dräger,1996.0,,,,,,,
Mohamed Elyounoussi,1994.0,,,,,,,
Mohamed Simakan,2000.0,,,,,,,
Mohammed Salisu,1999.0,,,,,,,
Moi Gómez,1994.0,,,,,,,
Moise Kean,2000.0,,,,,,,
Moisés Caicedo,2001.0,,,,,,,
Monchu,1999.0,,,,,,,
Morgan Gibbs-White,2000.0,,,,,,,
Morgan Guilavogui,1998.0,,,,,,,
Morgan Sanson,1994.0,,,,,,,
Morgan Schneiderlin,1989.0,,,,,,,
Moritz Jenz,1999.0,,,,,,,
Morten Hjulmand,1999.0,,,,,,,
Morten Thorsby,1996.0,,,,,,,
Moses Simon,1995.0,,,,,,,
Mostafa Mohamed,1997.0,,,,,,,
Mouctar Diakhaby,1996.0,,,,,,,
Moussa Dembélé,1996.0,,,,,,,
Moussa Diaby,1999.0,,,,,,,
Moussa Konaté,1993.0,,,,,,,
Moussa Sissoko,1989.0,,,,,,,
Moussa Sylla,1999.0,,,,,,,
Moussa Wagué,1998.0,,,,,,,
Munir El Haddadi,1995.0,,,,,,,
Musa Barrow,1998.0,,,,,,,
Musa Juwara,2001.0,,,,,,,
Myron Boadu,2001.0,,,,,,,
Myziane Maolida,1999.0,,,,,,,
Máximo Perrone,2003.0,,,,,,,
N'Golo Kanté,1991.0,,,,,,,
Nabil Bentaleb,1994.0,,,,,,,
Nabil El Zhar,1986.0,,,,,,,
Nabil Fekir,1993.0,,,,,,,
Naby Keïta,1995.0,,,,,,,
Nacer Chadli,1989.0,,,,,,,
Nadiem Amiri,1996.0,,,,,,,
Nadir Zortea,1999.0,,,,,,,
Nahitan Nández,1995.0,,,,,,,
Nahki Wells,1990.0,,,,,,,
Nahuel Molina,1998.0,,,,,,,
Naldo,1988.0,,,,,,,
Naldo,1982.0,,,,,,,
Nani,1986.0,,,,,,,
Naouirou Ahamada,2002.0,,,,,,,
Natan,2001.0,,,,,,,
Nathan Aké,1995.0,,,,,,,
Nathan Collins,2001.0,,,,,,,
Nathan Redmond,1994.0,,,,,,,
Nayef Aguerd,1996.0,,,,,,,
Naïm Sliti,1992.0,,,,,,,
Neal Maupay,1996.0,,,,,,,
Neco Williams,2001.0,,,,,,,
Nedim Bajrami,1999.0,,,,,,,
Nehuén Pérez,2000.0,,,,,,,
Nemanja Radonjić,1996.0,,,,,,,
Neto,1989.0,,,,,,,
Neymar,1992.0,,,,,,,
Nick Pope,1992.0,,,,,,,
Nick Woltemade,2002.0,,,,,,,
Niclas Füllkrug,1993.0,,,,,,,
Nico Schlotterbeck,1999.0,,,,,,,
Nico Schulz,1993.0,,,,,,,
Nicola Murru,1994.0,,,,,,,
Nicola Sansone,1991.0,,,,,,,
Nicolas Cozza,1999.0,,,,,,,
Nicolas Jackson,2001.0,,,,,,,
Nicolas Pépé,1995.0,,,,,,,
Nicolas de Préville,1991.0,,,,,,,
Nicolás Domínguez,1998.0,,,,,,,
Nicolás Otamendi,1988.0,,,,,,,
Nicolò Barella,1997.0,,,,,,,
Nicolò Cambiaghi,2000.0,,,,,,,
Nicolò Casale,1998.0,,,,,,,
Nicolò Rovella,2001.0,,,,,,,
Nicolò Zaniolo,1999.0,,,,,,,
Niels Nkounkou,2000.0,,,,,,,
Niklas Schmidt,1998.0,,,,,,,
Niklas Stark,1995.0,,,,,,,
Niklas Süle,1995.0,,,,,,,
Niko Gießelmann,1991.0,,,,,,,
Nikola Kalinić,1988.0,,,,,,,
Nikola Maksimović,1991.0,,,,,,,
Nikola Milenković,1997.0,,,,,,,
Nikola Moro,1998.0,,,,,,,
Nikola Vlašić,1997.0,,,,,,,
Noah Katterbach,2001.0,,,,,,,
Noah Weißhaupt,2001.0,,,,,,,
Nolan Roux,1988.0,,,,,,,
Nordi Mukiele,1997.0,,,,,,,
Nordin Amrabat,1987.0,,,,,,,
Noussair Mazraoui,1997.0,,,,,,,
Nuno Mendes,2002.0,,,,,,,
Nuno Tavares,2000.0,,,,,,,
Nuri Şahin,1988.0,,,,,,,
Nélson Semedo,1993.0,,,,,,,
Odilon Kossounou,2001.0,,,,,,,
Odysseas Vlachodimos,1994.0,,,,,,,
Oier Olazábal,1989.0,,,,,,,
Oier Zarraga,1999.0,,,,,,,
Okay Yokuşlu,1994.0,,,,,,,
Ola Aina,1996.0,,,,,,,
Ola Solbakken,1998.0,,,,,,,
Olarenwaju Kayode,1993.0,,,,,,,
Oleksandr Zinchenko,1996.0,,,,,,,
Oliver Burke,1997.0,,,,,,,
Oliver Christensen,1999.0,,,,,,,
Oliver Skipp,2000.0,,,,,,,
Olivier Boscagli,1997.0,,,,,,,
Olivier Giroud,1986.0,,,,,,,
Omar Alderete,1996.0,,,,,,,
Omar Marmoush,1999.0,,,,,,,
Omar Mascarell,1993.0,,,,,,,
Omar Richards,1998.0,,,,,,,
Ondrej Duda,1994.0,,,,,,,
Orbelín Pineda,1996.0,,,,,,,
Orel Mangala,1998.0,,,,,,,
Orestis Karnezis,1985.0,,,,,,,
Oriol Romeu,1991.0,,,,,,,
Oscar Hiljemark,1992.0,,,,,,,
Ousmane Dembélé,1997.0,,,,,,,
Oussama Haddadi,1992.0,,,,,,,
Oussama Idrissi,1996.0,,,,,,,
Oussama Tannane,1994.0,,,,,,,
Owen Otasowie,2001.0,,,,,,,
Ozan Kabak,2000.0,,,,,,,
Pablo Chavarría,1988.0,,,,,,,
Pablo Fornals,1996.0,,,,,,,
Pablo Hernández,1986.0,,,,,,,
Pablo Maffeo,1997.0,,,,,,,
Pablo Marí,1993.0,,,,,,,
Pablo Piatti,1989.0,,,,,,,
Pablo Sarabia,1992.0,,,,,,,
Pablo Torre,2003.0,,,,,,,
Pablo de Blasis,1988.0,,,,,,,
Paco Alcácer,1993.0,,,,,,,
Panagiotis Retsos,1998.0,,,,,,,
Pantelis Hatzidiakos,1997.0,,,,,,,
Paolo Faragò,1993.0,,,,,,,
Paolo Ghiglione,1997.0,,,,,,,
Papa Ndiaga Yade,2000.0,,,,,,,
Pape Gueye,1999.0,,,,,,,
Pascal Groß,1991.0,,,,,,,
Patrick Cutrone,1998.0,,,,,,,
Patrick Osterhage,2000.0,,,,,,,
Patrick Roberts,1997.0,,,,,,,
Patrick Wimmer,2001.0,,,,,,,
Patrick van Aanholt,1990.0,,,,,,,
Patrik Schick,1996.0,,,,,,,
Pau López,1994.0,,,,,,,
Pau Torres,1997.0,,,,,,,
Paul Akouokou,1997.0,,,,,,,
Paul Baysse,1988.0,,,,,,,
Paul Bernardoni,1997.0,,,,,,,
Paul Lasne,1989.0,,,,,,,
Paul Nardi,1994.0,,,,,,,
Paul Pogba,1993.0,,,,,,,
Paul Seguin,1995.0,,,,,,,
Paulinho,1988.0,,,,,,,
Paulinho,2000.0,,,,,,,
Paulo Dybala,1993.0,,,,,,,
Paulo Gazzaniga,1992.0,,,,,,,
Paulo Otávio,1994.0,,,,,,,
Paxten Aaronson,2003.0,,,,,,,
Pedro,1987.0,,,,,,,
Pedro Neto,2000.0,,,,,,,
Pedro Obiang,1992.0,,,,,,,
Pedro Porro,1999.0,,,,,,,
Pelé,1991.0,,,,,,,
Per Ciljan Skjelbred,1987.0,,,,,,,
Percy Tau,1994.0,,,,,,,
Pere Pons,1993.0,,,,,,,
Peru Nolaskoain,1998.0,,,,,,,
Pervis Estupiñán,1998.0,,,,,,,
Petar Stojanović,1995.0,,,,,,,
Philip Billing,1996.0,,,,,,,
Philipp Förster,1995.0,,,,,,,
Philipp Max,1993.0,,,,,,,
Philippe Coutinho,1992.0,,,,,,,
Pierluigi Gollini,1995.0,,,,,,,
Pierre Kalulu,2000.0,,,,,,,
Pierre Kunde,1995.0,,,,,,,
Pierre Lees-Melou,1993.0,,,,,,,
Pierre-Emerick Aubameyang,1989.0,,,,,,,
Pietro Ceccaroni,1995.0,,,,,,,
Pietro Iemmello,1992.0,,,,,,,
Pietro Pellegri,2001.0,,,,,,,
Pione Sisto,1995.0,,,,,,,
Piotr Zieliński,1994.0,,,,,,,
Pol Lirola,1997.0,,,,,,,
Pontus Almqvist,1999.0,,,,,,,
Pontus Jansson,1991.0,,,,,,,
Portu,1992.0,,,,,,,
Predrag Rajković,1995.0,,,,,,,
Prince Oniangué,1988.0,,,,,,,
Quentin Boisgard,1997.0,,,,,,,
Quincy Promes,1992.0,,,,,,,
Rachid Alioui,1992.0,,,,,,,
Rachid Ghezzal,1992.0,,,,,,,
Racine Coly,1995.0,,,,,,,
Radamel Falcao,1986.0,,,,,,,
Radja Nainggolan,1988.0,,,,,,,
Radu Drăgușin,2002.0,,,,,,,
Rafa Marín,2002.0,,,,,,,
Rafa Mir,1997.0,,,,,,,
Rafael,1982.0,,,,,,,
Rafael,1990.0,,,,,,,
Rafael Borré,1995.0,,,,,,,
Rafael Leão,1999.0,,,,,,,
Rafael Ratão,1995.0,,,,,,,
Rafinha,1993.0,,,,,,,
Rafinha,1985.0,,,,,,,
Ragnar Klavan,1985.0,,,,,,,
Raheem Sterling,1994.0,,,,,,,
Ralf Fährmann,1988.0,,,,,,,
Ramadan Sobhi,1997.0,,,,,,,
Raman Chibsah,1993.0,,,,,,,
Ramiro Funes Mori,1991.0,,,,,,,
Ramy Bensebaini,1995.0,,,,,,,
Ramón Terrats,2000.0,,,,,,,
Randal Kolo Muani,1998.0,,,,,,,
Rani Khedira,1994.0,,,,,,,
Raoul Bellanova,2000.0,,,,,,,
Raphaël Guerreiro,1993.0,,,,,,,
Raphaël Varane,1993.0,,,,,,,
Raphinha,1996.0,,,,,,,
Rasmus Højlund,2003.0,,,,,,,
Rasmus Kristensen,1997.0,,,,,,,
Rayan Aït-Nouri,2001.0,,,,,,,
Raúl Albiol,1985.0,,,,,,,
Raúl Bobadilla,1987.0,,,,,,,
Raúl Jiménez,1991.0,,,,,,,
Raúl Moro,2002.0,,,,,,,
Raúl Navas,1988.0,,,,,,,
Raúl de Tomás,1994.0,,,,,,,
Recio,1991.0,,,,,,,
Reda Belahyane,2004.0,,,,,,,
Reece Oxford,1998.0,,,,,,,
Reinier,2002.0,,,,,,,
Reinildo Mandava,1994.0,,,,,,,
Remo Freuler,1992.0,,,,,,,
Renan Lodi,1998.0,,,,,,,
Renato Sanches,1997.0,,,,,,,
Renato Steffen,1991.0,,,,,,,
Renato Tapia,1995.0,,,,,,,
Renaud Ripart,1993.0,,,,,,,
Ricardo Pepi,2003.0,,,,,,,
Ricardo Rodríguez,1992.0,,,,,,,
Riccardo Calafiori,2002.0,,,,,,,
Riccardo Ciervo,2002.0,,,,,,,
Riccardo Gagliolo,1990.0,,,,,,,
Riccardo Pagano,2004.0,,,,,,,
Riccardo Saponara,1991.0,,,,,,,
Riccardo Sottil,1999.0,,,,,,,
Richarlison,1997.0,,,,,,,
Rick Karsdorp,1995.0,,,,,,,
Ridle Baku,1998.0,,,,,,,
Riechedly Bazoer,1996.0,,,,,,,
Riqui Puig,1999.0,,,,,,,
Riyad Mahrez,1991.0,,,,,,,
Riza Durmisi,1994.0,,,,,,,
Rob Holding,1995.0,,,,,,,
Robert Andrich,1994.0,,,,,,,
Robert Bauer,1995.0,,,,,,,
Robert Lewandowski,1988.0,,,,,,,
Robert Snodgrass,1987.0,,,,,,,
Robert Sánchez,1997.0,,,,,,,
Roberto Firmino,1991.0,,,,,,,
Roberto Gagliardini,1994.0,,,,,,,
Roberto Inglese,1991.0,,,,,,,
Roberto Pereyra,1991.0,,,,,,,
Roberto Piccoli,2001.0,,,,,,,
Roberto Rosales,1988.0,,,,,,,
Roberto Soriano,1991.0,,,,,,,
Roberto Torres,1989.0,,,,,,,
Robin Gosens,1994.0,,,,,,,
Robin Knoche,1992.0,,,,,,,
Robin Koch,1996.0,,,,,,,
Robin Le Normand,1996.0,,,,,,,
Robin Olsen,1990.0,,,,,,,
Robin Quaison,1993.0,,,,,,,
Robson Bambu,1997.0,,,,,,,
Rodri,1996.0,,,,,,,
Rodrigo,1991.0,,,,,,,
Rodrigo Battaglia,1991.0,,,,,,,
Rodrigo Becão,1996.0,,,,,,,
Rodrigo De Paul,1994.0,,,,,,,
Rodrigo Ely,1993.0,,,,,,,
Roger Assalé,1993.0,,,,,,,
Roger Martí,1991.0,,,,,,,
Roger Martínez,1994.0,,,,,,,
Rogério,1998.0,,,,,,,
Roland Sallai,1997.0,,,,,,,
Rolando Mandragora,1997.0,,,,,,,
Romain Amalfitano,1989.0,,,,,,,
Romain Del Castillo,1996.0,,,,,,,
Romain Faivre,1998.0,,,,,,,
Romain Perraud,1997.0,,,,,,,
Romain Saïss,1990.0,,,,,,,
Romelu Lukaku,1993.0,,,,,,,
Rominigue Kouamé,1996.0,,,,,,,
Roméo Lavia,2004.0,,,,,,,
Ronaël Pierre-Gabriel,1998.0,,,,,,,
Ronny Rodelin,1989.0,,,,,,,
Rony Lopes,1995.0,,,,,,,
Roque Mesa,1989.0,,,,,,,
Ross Barkley,1993.0,,,,,,,
Ruben Aguilar,1993.0,,,,,,,
Ruben Loftus-Cheek,1996.0,,,,,,,
Rubén Alcaraz,1991.0,,,,,,,
Rubén Duarte,1995.0,,,,,,,
Rubén Pardo,1992.0,,,,,,,
Rubén Peña,1991.0,,,,,,,
Rubén Rochina,1991.0,,,,,,,
Rubén Sobrino,1992.0,,,,,,,
Rui Patrício,1988.0,,,,,,,
Rui Silva,1994.0,,,,,,,
Ruslan Malinovskyi,1993.0,,,,,,,
Ryad Boudebouz,1990.0,,,,,,,
Ryan Bennett,1990.0,,,,,,,
Ryan Bertrand,1989.0,,,,,,,
Ryan Fraser,1994.0,,,,,,,
Ryan Gravenberch,2002.0,,,,,,,
Ryan Kent,1996.0,,,,,,,
Ryan Sessegnon,2000.0,,,,,,,
Rémy Cabella,1990.0,,,,,,,
Rômulo,1987.0,,,,,,,
Rúben Neves,1997.0,,,,,,,
Rúben Semedo,1994.0,,,,,,,
Rúben Vezo,1994.0,,,,,,,
Rúben Vinagre,1999.0,,,,,,,
Rúnar Alex Rúnarsson,1995.0,,,,,,,
Răzvan Marin,1996.0,,,,,,,
Sacha Boey,2000.0,,,,,,,
Sada Thioub,1995.0,,,,,,,
Sadio Mané,1992.0,,,,,,,
Saidy Janko,1995.0,,,,,,,
Salif Sané,1990.0,,,,,,,
Salih Özcan,1998.0,,,,,,,
Salis Abdul Samed,2000.0,,,,,,,
Salomon Kalou,1985.0,,,,,,,
Salomón Rondón,1989.0,,,,,,,
Salvatore Sirigu,1987.0,,,,,,,
Sam Byram,1993.0,,,,,,,
Sam Johnstone,1993.0,,,,,,,
Sam Lammers,1997.0,,,,,,,
Sam Surridge,1998.0,,,,,,,
Sami Khedira,1987.0,,,,,,,
Samu Castillejo,1995.0,,,,,,,
Samuel Bastien,1996.0,,,,,,,
Samuel Chukwueze,1999.0,,,,,,,
Samuel Gigot,1993.0,,,,,,,
Samuel Grandsir,1996.0,,,,,,,
Samuel Iling-Junior,2003.0,,,,,,,
Samuel Moutoussamy,1996.0,,,,,,,
Samuel Umtiti,1993.0,,,,,,,
Samuele Ricci,2001.0,,,,,,,
Sander Berge,1998.0,,,,,,,
Sandro,1989.0,,,,,,,
Sandro Ramírez,1995.0,,,,,,,
Sandro Tonali,2000.0,,,,,,,
Sandro Wagner,1987.0,,,,,,,
Santi Cazorla,1984.0,,,,,,,
Santi Comesaña,1996.0,,,,,,,
Santi Mina,1995.0,,,,,,,
Santiago Arias,1992.0,,,,,,,
Santiago Ascacíbar,1997.0,,,,,,,
Santiago Bueno,1998.0,,,,,,,
Santiago Cáseres,1997.0,,,,,,,
Sardar Azmoun,1995.0,,,,,,,
Sargis Adamyan,1993.0,,,,,,,
Sasa Kalajdzic,1997.0,,,,,,,
Saîf-Eddine Khaoui,1995.0,,,,,,,
Saïd Benrahma,1995.0,,,,,,,
Saúl Coco,1999.0,,,,,,,
Saúl Ñíguez,1994.0,,,,,,,
Saša Lukić,1996.0,,,,,,,
Scott Arfield,1988.0,,,,,,,
Scott Malone,1991.0,,,,,,,
Scott McKenna,1996.0,,,,,,,
Sebastiaan Bornauw,1999.0,,,,,,,
Sebastian Andersson,1991.0,,,,,,,
Sebastian Polter,1991.0,,,,,,,
Sebastian Rudy,1990.0,,,,,,,
Sebastian Walukiewicz,2000.0,,,,,,,
Sebastiano Esposito,2002.0,,,,,,,
Sebastiano Luperto,1996.0,,,,,,,
Sebastián Cristóforo,1993.0,,,,,,,
Seko Fofana,1995.0,,,,,,,
Senna Miangue,1997.0,,,,,,,
Sepp van den Berg,2001.0,,,,,,,
Serge Aurier,1992.0,,,,,,,
Sergej Milinković-Savić,1995.0,,,,,,,
Sergi Canós,1997.0,,,,,,,
Sergi Cardona,1999.0,,,,,,,
Sergi Darder,1993.0,,,,,,,
Sergi Guardiola,1991.0,,,,,,,
Sergi Gómez,1992.0,,,,,,,
Sergi Palencia,1996.0,,,,,,,
Sergi Roberto,1992.0,,,,,,,
Sergi Samper,1995.0,,,,,,,
Sergio Agüero,1988.0,,,,,,,
Sergio Akieme,1997.0,,,,,,,
Sergio Asenjo,1989.0,,,,,,,
Sergio Busquets,1988.0,,,,,,,
Sergio Canales,1991.0,,,,,,,
Sergio Córdova,1997.0,,,,,,,
Sergio Escudero,1989.0,,,,,,,
Sergio Gómez,2000.0,,,,,,,
Sergio León,1989.0,,,,,,,
Sergio Ramos,1986.0,,,,,,,
Sergio Reguilón,1996.0,,,,,,,
Sergio Rico,1993.0,,,,,,,
Sergiño Dest,2000.0,,,,,,,
Serhou Guirassy,1996.0,,,,,,,
Shandon Baptiste,1998.0,,,,,,,
Shane Duffy,1992.0,,,,,,,
Sheyi Ojo,1997.0,,,,,,,
Shinji Kagawa,1989.0,,,,,,,
Shinji Okazaki,1986.0,,,,,,,
Shon Weissman,1996.0,,,,,,,
Sidnei,1989.0,,,,,,,
Silvan Hefti,1997.0,,,,,,,
Silvan Widmer,1993.0,,,,,,,
Simon Banza,1996.0,,,,,,,
Simon Falette,1992.0,,,,,,,
Simon Terodde,1988.0,,,,,,,
Simone Bastoni,1996.0,,,,,,,
Simone Missiroli,1986.0,,,,,,,
Simone Romagnoli,1990.0,,,,,,,
Simone Verdi,1992.0,,,,,,,
Simone Zaza,1991.0,,,,,,,
Sinan Gümüş,1994.0,,,,,,,
Skelly Alvero,2002.0,,,,,,,
Sofian Kiyine,1997.0,,,,,,,
Sofiane Alakouch,1998.0,,,,,,,
Sofiane Boufal,1993.0,,,,,,,
Sofiane Diop,2000.0,,,,,,,
Sofyan Amrabat,1996.0,,,,,,,
Sokratis Papastathopoulos,1988.0,,,,,,,
Somália,1988.0,,,,,,,
Sory Kaba,1995.0,,,,,,,
Soualiho Meïté,1994.0,,,,,,,
Souleyman Doumbia,1996.0,,,,,,,
Steeve Yago,1992.0,,,,,,,
Stefan Bajcetic,2004.0,,,,,,,
Stefan Ilsanker,1989.0,,,,,,,
Stefan Ortega,1992.0,,,,,,,
Stefan Posch,1997.0,,,,,,,
Stefan de Vrij,1992.0,,,,,,,
Stefano Denswil,1993.0,,,,,,,
Stefano Okaka,1989.0,,,,,,,
Stefano Sensi,1995.0,,,,,,,
Stefano Sturaro,1993.0,,,,,,,
Stefano Turati,2001.0,,,,,,,
Stephan Lichtsteiner,1984.0,,,,,,,
Stephane Omeonga,1996.0,,,,,,,
Stephen Ward,1985.0,,,,,,,
Stephy Mavididi,1998.0,,,,,,,
Stevan Jovetić,1989.0,,,,,,,
Steve Mounié,1994.0,,,,,,,
Steven Alzate,1998.0,,,,,,,
Steven Bergwijn,1997.0,,,,,,,
Steven Davis,1985.0,,,,,,,
Steven Defour,1988.0,,,,,,,
Steven Nzonzi,1988.0,,,,,,,
Steven Zuber,1991.0,,,,,,,
Stijn Spierings,1996.0,,,,,,,
Stipe Perica,1995.0,,,,,,,
Stole Dimitrievski,1993.0,,,,,,,
Strahinja Pavlović,2001.0,,,,,,,
Stéphane Bahoken,1992.0,,,,,,,
Stéphane Diarra,1998.0,,,,,,,
Suat Serdar,1997.0,,,,,,,
Suleiman Abdullahi,1996.0,,,,,,,
Suso,1993.0,,,,,,,
Sven Botman,2000.0,,,,,,,
Szymon Żurkowski,1997.0,,,,,,,
Sébastien Corchia,1990.0,,,,,,,
Sébastien Haller,1994.0,,,,,,,
Tahith Chong,1999.0,,,,,,,
Taiwo Awoniyi,1997.0,,,,,,,
Tajon Buchanan,1999.0,,,,,,,
Takashi Inui,1988.0,,,,,,,
Takefusa Kubo,2001.0,,,,,,,
Takuma Asano,1994.0,,,,,,,
Takumi Minamino,1995.0,,,,,,,
Tammy Abraham,1997.0,,,,,,,
Tanguy Nianzou,2002.0,,,,,,,
Terem Moffi,1999.0,,,,,,,
Terence Kongolo,1994.0,,,,,,,
Teun Koopmeiners,1998.0,,,,,,,
Theo Hernández,1997.0,,,,,,,
Theo Walcott,1989.0,,,,,,,
Thiago Alcántara,1991.0,,,,,,,
Thiago Mendes,1992.0,,,,,,,
Thiago Silva,1984.0,,,,,,,
Thibaut Courtois,1992.0,,,,,,,
Thierry Ambrose,1997.0,,,,,,,
Thijs Dallinga,2000.0,,,,,,,
Thilo Kehrer,1996.0,,,,,,,
Thomas Delaine,1992.0,,,,,,,
Thomas Delaney,1991.0,,,,,,,
Thomas Foket,1994.0,,,,,,,
Thomas Henry,1994.0,,,,,,,
Thomas Heurtaux,1988.0,,,,,,,
Thomas Lemar,1995.0,,,,,,,
Thomas Meunier,1991.0,,,,,,,
Thomas Monconduit,1991.0,,,,,,,
Thomas Strakosha,1995.0,,,,,,,
Thomas Vermaelen,1985.0,,,,,,,
Thorgan Hazard,1993.0,,,,,,,
Théo Pellenard,1994.0,,,,,,,
Tiago Djaló,2000.0,,,,,,,
Tiago Tomás,2002.0,,,,,,,
Tiemoué Bakayoko,1994.0,,,,,,,
Tijjani Noslin,1999.0,,,,,,,
Tim Kleindienst,1995.0,,,,,,,
Timo Letschert,1993.0,,,,,,,
Timo Werner,1996.0,,,,,,,
Timothy Castagne,1995.0,,,,,,,
Timothy Fosu-Mensah,1998.0,,,,,,,
Timothy Weah,2000.0,,,,,,,
Tin Jedvaj,1995.0,,,,,,,
Tino Kadewere,1996.0,,,,,,,
Tobias Strobl,1990.0,,,,,,,
Toby Alderweireld,1989.0,,,,,,,
Tom Davies,1998.0,,,,,,,
Tom Heaton,1986.0,,,,,,,
Tom Ince,1992.0,,,,,,,
Tom Krauß,2001.0,,,,,,,
Tom Rothe,2004.0,,,,,,,
Toma Bašić,1996.0,,,,,,,
Tomer Hemed,1987.0,,,,,,,
Tommaso Augello,1994.0,,,,,,,
Tommaso Baldanzi,2003.0,,,,,,,
Tommaso Pobega,1999.0,,,,,,,
Tomás Rincón,1988.0,,,,,,,
Tomáš Souček,1995.0,,,,,,,
Tomáš Vaclík,1989.0,,,,,,,
Toni Lato,1997.0,,,,,,,
Tonny Vilhena,1995.0,,,,,,,
Tony Mauricio,1994.0,,,,,,,
Tosin Adarabioyo,1997.0,,,,,,,
Trevoh Chalobah,1999.0,,,,,,,
Tyler Adams,1999.0,,,,,,,
Tyler Roberts,1999.0,,,,,,,
Tyrone Mings,1993.0,,,,,,,
Téji Savanier,1991.0,,,,,,,
Umut Bozok,1996.0,,,,,,,
Unai López,1995.0,,,,,,,
Unai Núñez,1997.0,,,,,,,
Valentin Rosier,1996.0,,,,,,,
Valentino Lazaro,1996.0,,,,,,,
Valentín Barco,2004.0,,,,,,,
Valentín Vada,1996.0,,,,,,,
Valerio Verre,1994.0,,,,,,,
Valery Fernández,1999.0,,,,,,,
Valon Berisha,1993.0,,,,,,,
Valère Germain,1990.0,,,,,,,
Vasyl Kravets,1997.0,,,,,,,
Vedat Muriqi,1994.0,,,,,,,
Vicente Guaita,1987.0,,,,,,,
Vicente Iborra,1988.0,,,,,,,
Victor Moses,1990.0,,,,,,,
Victor Osimhen,1998.0,,,,,,,
Victor Sá,1994.0,,,,,,,
Victorien Angban,1996.0,,,,,,,
Vid Belec,1990.0,,,,,,,
Vincent Kompany,1986.0,,,,,,,
Vincent Pajot,1990.0,,,,,,,
Vincenzo Grifo,1993.0,,,,,,,
Vincenzo Millico,2000.0,,,,,,,
Vitinha,2000.0,,,,,,,
Vitolo,1989.0,,,,,,,
Vitor Hugo,1991.0,,,,,,,
Vitor Roque,2005.0,,,,,,,
Vlad Chiricheș,1989.0,,,,,,,
Víctor Camarasa,1994.0,,,,,,,
Víctor Ruiz,1989.0,,,,,,,
Wahbi Khazri,1991.0,,,,,,,
Wahid Faghir,2003.0,,,,,,,
Walace,1995.0,,,,,,,
Waldemar Anton,1996.0,,,,,,,
Walid Cheddira,1998.0,,,,,,,
Wallace,1994.0,,,,,,,
Walter Benítez,1993.0,,,,,,,
Warmed Omari,2000.0,,,,,,,
Warren Bondo,2003.0,,,,,,,
Wataru Endo,1993.0,,,,,,,
Wayne Rooney,1985.0,,,,,,,
Wendell,1993.0,,,,,,,
Wesley Hoedt,1994.0,,,,,,,
Wesley Saïd,1995.0,,,,,,,
Weston McKennie,1998.0,,,,,,,
Wilfried Singo,2000.0,,,,,,,
Wilfried Zaha,1992.0,,,,,,,
Willem Geubbels,2001.0,,,,,,,
William,1995.0,,,,,,,
William Osula,2003.0,,,,,,,
William Saliba,2001.0,,,,,,,
William Troost-Ekong,1993.0,,,,,,,
Willian,1988.0,,,,,,,
Willian José,1991.0,,,,,,,
Willian Pacho,2001.0,,,,,,,
Willy Boly,1991.0,,,,,,,
Willy Kambwala,2004.0,,,,,,,
Wilson Odobert,2004.0,,,,,,,
Wissam Ben Yedder,1990.0,,,,,,,
Wladimiro Falcone,1995.0,,,,,,,
Wout Weghorst,1992.0,,,,,,,
Wylan Cyprien,1995.0,,,,,,,
Xaver Schlager,1997.0,,,,,,,
Xavi Quintillà,1996.0,,,,,,,
Xavi Simons,2003.0,,,,,,,
Xavier Chavalerin,1991.0,,,,,,,
Xherdan Shaqiri,1991.0,,,,,,,
Ximo Navarro,1990.0,,,,,,,
Yacine Adli,2000.0,,,,,,,
Yacine Bammou,1991.0,,,,,,,
Yan Couto,2002.0,,,,,,,
Yangel Herrera,1998.0,,,,,,,
Yann Bodiger,1995.0,,,,,,,
Yann Gboho,2001.0,,,,,,,
Yann Karamoh,1998.0,,,,,,,
Yann M'Vila,1990.0,,,,,,,
Yann Sommer,1988.0,,,,,,,
Yannick Bolasie,1989.0,,,,,,,
Yannick Carrasco,1993.0,,,,,,,
Yannik Keitel,2000.0,,,,,,,
Yannis Salibur,1991.0,,,,,,,
Yasin Ayari,2003.0,,,,,,,
Yasser Larouci,2001.0,,,,,,,
Yassine Benrahou,1999.0,,,,,,,
Yaya Touré,1983.0,,,,,,,
Yerry Mina,1994.0,,,,,,,
Yoane Wissa,1996.0,,,,,,,
Yoann Court,1990.0,,,,,,,
Yoann Gourcuff,1986.0,,,,,,,
Yohan Cabaye,1986.0,,,,,,,
Yorbe Vertessen,2001.0,,,,,,,
Youri Tielemans,1997.0,,,,,,,
Youssef Aït Bennasser,1996.0,,,,,,,
Youssef En-Nesyri,1997.0,,,,,,,
Youssef Maleh,1998.0,,,,,,,
Youssouf Fofana,1999.0,,,,,,,
Youssouf Koné,1995.0,,,,,,,
Youssouf Sabaly,1993.0,,,,,,,
Youssoufa Moukoko,2004.0,,,,,,,
Yunus Mallı,1992.0,,,,,,,
Yunus Musah,2002.0,,,,,,,
Yuri Berchiche,1990.0,,,,,,,
Yusuf Yazıcı,1997.0,,,,,,,
Yuto Nagatomo,1986.0,,,,,,,
Yuya Osako,1990.0,,,,,,,
Yves Bissouma,1996.0,,,,,,,
Yvon Mvogo,1994.0,,,,,,,
Zack Steffen,1995.0,,,,,,,
Zakaria Bakkali,1996.0,,,,,,,
Zaydou Youssouf,1999.0,,,,,,,
Zeki Çelik,1997.0,,,,,,,
Zinho Vanheusden,1999.0,,,,,,,
Zouhair Feddal,1989.0,,,,,,,
Ádám Nagy,1995.0,,,,,,,
Ádám Szalai,1987.0,,,,,,,
Álex Berenguer,1995.0,,,,,,,
Álex Collado,1999.0,,,,,,,
Álex Moreno,1993.0,,,,,,,
Álvaro Carreras,2003.0,,,,,,,
Álvaro Fernández,1998.0,,,,,,,
Álvaro González,1990.0,,,,,,,
Álvaro Medrán,1994.0,,,,,,,
Álvaro Morata,1992.0,,,,,,,
Álvaro Odriozola,1995.0,,,,,,,
Álvaro Vadillo,1994.0,,,,,,,
Ángel Di María,1988.0,,,,,,,
Ángel Rodríguez,1987.0,,,,,,,
Ângelo,2004.0,,,,,,,
Çağlar Söyüncü,1996.0,,,,,,,
Éder,1986.0,,,,,,,
Éderson,1999.0,,,,,,,
Étienne Capoue,1988.0,,,,,,,
Éver Banega,1988.0,,,,,,,
Óliver Torres,1994.0,,,,,,,
Óscar Melendo,1997.0,,,,,,,
Óscar Mingueza,1999.0,,,,,,,
Ömer Toprak,1989.0,,,,,,,
İlkay Gündoğan,1990.0,,,,,,,
Aaron Connolly,,434207.0,,,,,,
Aaron Hickey,,591949.0,,,,,,
Aaron Leya Iseka,,289587.0,,,,,,
Aaron Mooy,,123951.0,,,,,,
Aaron Ramsdale,,427568.0,,,,,,
Aaron Ramsey,,50057.0,,,,,,
Aaron Wan-Bissaka,,477758.0,,,,,,
Aarón Martín,,251878.0,,,,,,
Abdallah Sima,,776798.0,,,,,,
Abde Ezzalzouli,,724520.0,,,,,,
Abdelhamid Sabiri,,340394.0,,,,,,
Abdou Diallo,,229005.0,,,,,,
Abdou Harroui,,416386.0,,,,,,
Abdoulaye Doucouré,,127187.0,,,,,,
Abdoulaye Touré,,181382.0,,,,,,
Abdukodir Khusanov,,763079.0,,,,,,
Abner,,,,,,,,
Achraf Hakimi,,398073.0,,,,,,
Adam Lallana,,43530.0,,,,,,
Adam Masina,,286949.0,,,,,,
Adam Ounas,,400485.0,,,,,,
Adama Diakhaby,,453594.0,,,,,,
Adama Soumaoro,,126673.0,,,,,,
Adama Traoré,,204103.0,,,,,,
Ademola Lookman,,406040.0,,,,,,
Adil Aouchiche,,569385.0,,,,,,
Adil Rami,,51118.0,,,,,,
Adnan Januzaj,,177847.0,,,,,,
Adrien Rabiot,,182913.0,,,,,,
Adrien Silva,,56810.0,,,,,,
Adrien Thomasson,,215977.0,,,,,,
Adrià Pedrosa,,501418.0,,,,,,
Afriyie Acquah,,145581.0,,,,,,
Agustín Álvarez,,,,,,,,
Ahmed Kutucu,,452084.0,,,,,,
Ainsley Maitland-Niles,,285845.0,,,,,,
Aitor Fernández,,,,,,,,
Akim Zedadka,,327863.0,,,,,,
Alan Virginius,,654415.0,,,,,,
Alassane Pléa,,167329.0,,,,,,
Alban Lafont,,357117.0,,,,,,
Albert Sambi Lokonga,,381967.0,,,,,,
Alberto Dossena,,385394.0,,,,,,
Alberto Grassi,,197473.0,,,,,,
Alberto Moreno,,207917.0,,,,,,
Alberto Paleari,,163048.0,,,,,,
Albin Ekdal,,49275.0,,,,,,
Aleix García,,261504.0,,,,,,
Aleix Vidal,,88490.0,,,,,,
Aleksandar Kolarov,,46156.0,,,,,,
